N associations,N strains,N associations usable,haplotypes,site,number of polymoprhisms at site,number of hosts,minor allele freq,rarest host freq,D,|D'|,Chi,ChiSqDf
3,85,70,AH:56	AC:13	CH:1	CC:0,57,2,2,0.0142857142857,0.185714285714,-0.00265306122449,1.0,0.2313755403,0.00330536486143
3,85,71,AH:57	AC:13	TH:1	TC:0,75,2,2,0.0140845070423,0.183098591549,-0.0025788534021,1.0,0.227339901478,0.00320197044335
3,85,71,AH:57	AC:13	TH:1	TC:0,98,2,2,0.0140845070423,0.183098591549,-0.0025788534021,1.0,0.227339901478,0.00320197044335
3,85,71,AH:57	AC:13	TH:1	TC:0,100,2,2,0.0140845070423,0.183098591549,-0.0025788534021,1.0,0.227339901478,0.00320197044335
3,85,71,AH:57	AC:13	TH:1	TC:0,101,2,2,0.0140845070423,0.183098591549,-0.0025788534021,1.0,0.227339901478,0.00320197044335
3,85,72,TH:50	TC:13	CH:9	CC:0,127,2,2,0.125,0.180555555556,-0.0225694444444,1.0,2.26634382567,0.0314769975787
3,85,72,AH:58	AC:13	GH:1	GC:0,157,2,2,0.0138888888889,0.180555555556,-0.00250771604938,1.0,0.223442349009,0.00310336595846
3,85,73,CH:49	CC:13	TH:11	TC:0,301,2,2,0.150684931507,0.178082191781,-0.0268343028711,1.0,2.8061827957,0.0384408602151
3,85,73,CH:59	CC:13	AH:1	AC:0,341,2,2,0.013698630137,0.178082191781,-0.00243948207919,1.0,0.219675925926,0.00300925925926
3,85,73,CH:60	CC:9	TH:0	TC:4,381,2,2,0.0547945205479,0.178082191781,0.0450365922312,1.0,19.5317725753,0.267558528428
3,85,73,CH:60	CC:11	TH:0	TC:2,460,2,2,0.027397260274,0.178082191781,0.0225182961156,1.0,9.49079089924,0.130010834236
3,85,73,GH:48	GC:13	AH:12	AC:0,476,2,2,0.164383561644,0.178082191781,-0.0292737849503,1.0,3.11147540984,0.0426229508197
4,85,73,AH:46	AC:10	GH:14	GC:3,542,2,2,0.232876712329,0.178082191781,-0.00037530493526,0.00904977375565,0.000393234216764,5.38677009265e-06
3,85,73,TH:60	TC:10	CH:0	CC:3,587,2,2,0.041095890411,0.178082191781,0.0337774441734,1.0,14.4395604396,0.197802197802
4,85,73,AH:46	AC:10	GH:14	GC:3,624,2,2,0.232876712329,0.178082191781,-0.00037530493526,0.00904977375565,0.000393234216764,5.38677009265e-06
3,85,73,GH:60	GC:12	AH:0	AC:1,626,2,2,0.013698630137,0.178082191781,0.0112591480578,1.0,4.67948717949,0.0641025641026
3,85,73,CH:59	CC:13	AH:1	AC:0,668,2,2,0.013698630137,0.178082191781,-0.00243948207919,1.0,0.219675925926,0.00300925925926
4,85,73,TH:49	TC:12	CH:11	CC:1,737,2,2,0.164383561644,0.178082191781,-0.0155751548133,0.532051282051,0.88079199944,0.0120656438279
3,85,73,CH:60	CC:11	TH:0	TC:2,767,2,2,0.027397260274,0.178082191781,0.0225182961156,1.0,9.49079089924,0.130010834236
3,85,73,GH:57	GC:13	AH:3	AC:0,778,2,2,0.041095890411,0.178082191781,-0.00731844623757,1.0,0.677857142857,0.00928571428571
3,85,73,CH:59	CC:13	AH:1	AC:0,806,2,2,0.013698630137,0.178082191781,-0.00243948207919,1.0,0.219675925926,0.00300925925926
3,85,73,CH:58	CC:13	TH:2	TC:0,890,2,2,0.027397260274,0.178082191781,-0.00487896415838,1.0,0.445539906103,0.00610328638498
3,85,73,CH:59	CC:13	AH:1	AC:0,933,2,2,0.013698630137,0.178082191781,-0.00243948207919,1.0,0.219675925926,0.00300925925926
3,85,73,CH:60	CC:11	TH:0	TC:2,989,2,2,0.027397260274,0.178082191781,0.0225182961156,1.0,9.49079089924,0.130010834236
3,85,73,GH:60	GC:12	AH:0	AC:1,1124,2,2,0.013698630137,0.178082191781,0.0112591480578,1.0,4.67948717949,0.0641025641026
3,85,74,CH:60	CC:13	TH:1	TC:0,1178,2,2,0.0135135135135,0.175675675676,-0.00237399561724,1.0,0.216034134291,0.00291938019313
3,85,74,CH:60	CC:13	TH:1	TC:0,1223,2,2,0.0135135135135,0.175675675676,-0.00237399561724,1.0,0.216034134291,0.00291938019313
3,85,74,CH:60	CC:13	TH:1	TC:0,1226,2,2,0.0135135135135,0.175675675676,-0.00237399561724,1.0,0.216034134291,0.00291938019313
3,85,74,CH:60	CC:13	TH:1	TC:0,1229,2,2,0.0135135135135,0.175675675676,-0.00237399561724,1.0,0.216034134291,0.00291938019313
3,85,74,CH:60	CC:13	TH:1	TC:0,1326,2,2,0.0135135135135,0.175675675676,-0.00237399561724,1.0,0.216034134291,0.00291938019313
3,85,74,TH:2	TC:0	CH:59	CC:13,1388,2,2,0.027027027027,0.175675675676,0.00474799123448,1.0,0.438069216758,0.00591985428051
3,85,74,GH:61	GC:12	AH:0	AC:1,1403,2,2,0.0135135135135,0.175675675676,0.0111395178963,1.0,4.75658587987,0.0642781875659
3,85,74,CH:60	CC:13	TH:1	TC:0,1418,2,2,0.0135135135135,0.175675675676,-0.00237399561724,1.0,0.216034134291,0.00291938019313
3,85,74,CH:60	CC:13	TH:1	TC:0,1420,2,2,0.0135135135135,0.175675675676,-0.00237399561724,1.0,0.216034134291,0.00291938019313
3,85,74,CH:60	CC:13	TH:1	TC:0,1422,2,2,0.0135135135135,0.175675675676,-0.00237399561724,1.0,0.216034134291,0.00291938019313
3,85,74,TH:50	TC:13	CH:11	CC:0,1454,2,2,0.148648648649,0.175675675676,-0.0261139517896,1.0,2.75357793391,0.0372105126203
3,85,74,CH:60	CC:13	TH:1	TC:0,1511,2,2,0.0135135135135,0.175675675676,-0.00237399561724,1.0,0.216034134291,0.00291938019313
4,85,74,TH:48	TC:10	CH:13	CC:3,1514,2,2,0.216216216216,0.175675675676,0.00255661066472,0.0185676392573,0.0197090924903,0.000266339087707
3,85,74,AH:61	AC:11	GH:0	GC:2,1519,2,2,0.027027027027,0.175675675676,0.0222790357925,1.0,9.6452991453,0.130341880342
3,85,74,TH:61	TC:10	CH:0	CC:3,1533,2,2,0.0405405405405,0.175675675676,0.0334185536888,1.0,14.6717226436,0.19826652221
4,85,74,CH:58	CC:7	TH:3	TC:6,1604,2,2,0.121621621622,0.175675675676,0.0597151205259,0.595628415301,17.0568241343,0.230497623436
3,85,74,GH:61	GC:12	AH:0	AC:1,1631,2,2,0.0135135135135,0.175675675676,0.0111395178963,1.0,4.75658587987,0.0642781875659
3,85,74,TH:61	TC:10	CH:0	CC:3,1650,2,2,0.0405405405405,0.175675675676,0.0334185536888,1.0,14.6717226436,0.19826652221
4,85,75,CH:56	CC:8	TH:6	TC:5,1685,2,2,0.146666666667,0.173333333333,0.0412444444444,0.340175953079,7.11425671103,0.0948567561471
3,85,75,TH:62	TC:12	CH:0	CC:1,1694,2,2,0.0133333333333,0.173333333333,0.0110222222222,1.0,4.83367983368,0.0644490644491
3,85,75,CH:59	CC:13	AH:3	AC:0,1769,2,2,0.04,0.173333333333,-0.00693333333333,1.0,0.655241935484,0.00873655913978
3,85,75,CH:61	CC:13	TH:1	TC:0,1787,2,2,0.0133333333333,0.173333333333,-0.00231111111111,1.0,0.212510897995,0.00283347863993
3,85,75,TH:62	TC:10	GH:0	GC:3,1799,2,2,0.04,0.173333333333,0.0330666666667,1.0,14.9038461538,0.198717948718
3,85,75,CH:61	CC:13	TH:1	TC:0,1814,2,2,0.0133333333333,0.173333333333,-0.00231111111111,1.0,0.212510897995,0.00283347863993
4,85,75,AH:61	AC:10	GH:1	GC:3,1823,2,2,0.0533333333333,0.173333333333,0.0307555555556,0.697580645161,9.80618512564,0.130749135009
3,85,75,CH:61	CC:13	TH:1	TC:0,1829,2,2,0.0133333333333,0.173333333333,-0.00231111111111,1.0,0.212510897995,0.00283347863993
3,85,75,CH:49	CC:13	AH:13	AC:0,1833,2,2,0.173333333333,0.173333333333,-0.0300444444444,1.0,3.29734651405,0.0439646201873
3,85,75,TH:62	TC:12	CH:0	CC:1,1869,2,2,0.0133333333333,0.173333333333,0.0110222222222,1.0,4.83367983368,0.0644490644491
3,85,75,CH:61	CC:13	TH:1	TC:0,1976,2,2,0.0133333333333,0.173333333333,-0.00231111111111,1.0,0.212510897995,0.00283347863993
3,85,75,CH:61	CC:13	TH:1	TC:0,2009,2,2,0.0133333333333,0.173333333333,-0.00231111111111,1.0,0.212510897995,0.00283347863993
3,85,75,TH:62	TC:10	GH:0	GC:3,2019,2,2,0.04,0.173333333333,0.0330666666667,1.0,14.9038461538,0.198717948718
4,85,75,AH:60	AC:10	GH:2	GC:3,2040,2,2,0.0666666666667,0.173333333333,0.0284444444444,0.516129032258,6.80609712868,0.0907479617157
3,85,74,GH:61	GC:12	AH:0	AC:1,2092,2,2,0.0135135135135,0.175675675676,0.0111395178963,1.0,4.75658587987,0.0642781875659
3,85,74,CH:60	CC:13	TH:1	TC:0,2106,2,2,0.0135135135135,0.175675675676,-0.00237399561724,1.0,0.216034134291,0.00291938019313
3,85,73,CH:59	CC:13	AH:1	AC:0,2129,2,2,0.013698630137,0.178082191781,-0.00243948207919,1.0,0.219675925926,0.00300925925926
3,85,71,AH:57	AC:13	TH:1	TC:0,2169,2,2,0.0140845070423,0.183098591549,-0.0025788534021,1.0,0.227339901478,0.00320197044335
3,85,76,AH:61	AC:13	GH:2	GC:0,2179,2,2,0.0263157894737,0.171052631579,-0.00450138504155,1.0,0.423852423852,0.00557700557701
3,85,76,AH:63	AC:10	GH:0	GC:3,2184,2,2,0.0394736842105,0.171052631579,0.0327216066482,1.0,15.1359325606,0.199157007376
3,85,76,CH:63	CC:12	TH:0	TC:1,2224,2,2,0.0131578947368,0.171052631579,0.0109072022161,1.0,4.91076923077,0.0646153846154
3,85,76,AH:63	AC:10	GH:0	GC:3,2238,2,2,0.0394736842105,0.171052631579,0.0327216066482,1.0,15.1359325606,0.199157007376
3,85,76,CH:63	CC:11	TH:0	TC:2,2282,2,2,0.0263157894737,0.171052631579,0.0218144044321,1.0,9.95426195426,0.130977130977
3,85,76,GH:62	GC:13	AH:1	AC:0,2295,2,2,0.0131578947368,0.171052631579,-0.00225069252078,1.0,0.209100529101,0.00275132275132
4,85,77,TH:62	TC:10	CH:2	CC:3,2318,2,2,0.0649350649351,0.168831168831,0.0279979760499,0.51875,7.08404113248,0.092000534188
3,85,77,TH:63	TC:13	CH:1	CC:0,2372,2,2,0.012987012987,0.168831168831,-0.00219261258222,1.0,0.205797697368,0.00267269736842
3,85,77,CH:64	CC:12	TH:0	TC:1,2384,2,2,0.012987012987,0.168831168831,0.0107944004048,1.0,4.98785425101,0.0647773279352
4,85,77,CH:56	CC:9	TH:8	TC:4,2452,2,2,0.155844155844,0.168831168831,0.0256367009614,0.197916666667,2.74132149901,0.0356015779093
4,85,77,TH:61	TC:10	AH:3	AC:3,2456,2,2,0.0779220779221,0.168831168831,0.0258053634677,0.3984375,5.08558200163,0.0660465195016
3,85,77,TH:63	TC:13	CH:1	CC:0,2461,2,2,0.012987012987,0.168831168831,-0.00219261258222,1.0,0.205797697368,0.00267269736842
4,85,79,CH:59	CC:11	TH:7	TC:2,2490,2,2,0.113924050633,0.164556962025,0.00656946002243,0.0690235690236,0.245678395678,0.00310985310985
3,85,78,CH:65	CC:12	TH:0	TC:1,2503,2,2,0.0128205128205,0.166666666667,0.0106837606838,1.0,5.06493506494,0.0649350649351
3,85,78,GH:64	GC:13	AH:1	AC:0,2504,2,2,0.0128205128205,0.166666666667,-0.00213675213675,1.0,0.202597402597,0.0025974025974
3,85,78,GH:64	GC:13	AH:1	AC:0,2553,2,2,0.0128205128205,0.166666666667,-0.00213675213675,1.0,0.202597402597,0.0025974025974
3,85,78,GH:64	GC:13	AH:1	AC:0,2556,2,2,0.0128205128205,0.166666666667,-0.00213675213675,1.0,0.202597402597,0.0025974025974
3,85,78,GH:64	GC:13	AH:1	AC:0,2614,2,2,0.0128205128205,0.166666666667,-0.00213675213675,1.0,0.202597402597,0.0025974025974
3,85,78,CH:65	CC:12	TH:0	TC:1,2644,2,2,0.0128205128205,0.166666666667,0.0106837606838,1.0,5.06493506494,0.0649350649351
3,85,78,GH:64	GC:13	AH:1	AC:0,2765,2,2,0.0128205128205,0.166666666667,-0.00213675213675,1.0,0.202597402597,0.0025974025974
3,85,78,GH:64	GC:13	AH:1	AC:0,2768,2,2,0.0128205128205,0.166666666667,-0.00213675213675,1.0,0.202597402597,0.0025974025974
3,85,78,CH:65	CC:11	TH:0	TC:2,2794,2,2,0.025641025641,0.166666666667,0.0213675213675,1.0,10.2631578947,0.131578947368
3,85,78,CH:65	CC:12	TH:0	TC:1,2824,2,2,0.0128205128205,0.166666666667,0.0106837606838,1.0,5.06493506494,0.0649350649351
3,85,78,GH:64	GC:13	AH:1	AC:0,3007,2,2,0.0128205128205,0.166666666667,-0.00213675213675,1.0,0.202597402597,0.0025974025974
3,85,77,TH:63	TC:13	CH:1	CC:0,3047,2,2,0.012987012987,0.168831168831,-0.00219261258222,1.0,0.205797697368,0.00267269736842
3,85,77,CH:64	CC:9	TH:0	TC:4,3110,2,2,0.0519480519481,0.168831168831,0.0431776016192,1.0,20.7713382508,0.269757639621
3,85,77,TH:63	TC:13	CH:1	CC:0,3119,2,2,0.012987012987,0.168831168831,-0.00219261258222,1.0,0.205797697368,0.00267269736842
4,85,77,TH:62	TC:10	CH:2	CC:3,3134,2,2,0.0649350649351,0.168831168831,0.0279979760499,0.51875,7.08404113248,0.092000534188
3,85,77,CH:61	CC:13	AH:3	AC:0,3139,2,2,0.038961038961,0.168831168831,-0.00657783774667,1.0,0.634079391892,0.0082347972973
4,85,77,GH:45	GC:5	AH:19	AC:8,3276,2,2,0.350649350649,0.168831168831,0.0446955641761,0.407692307692,4.81421385328,0.0625222578348
4,85,77,TH:62	TC:10	CH:2	CC:3,3277,2,2,0.0649350649351,0.168831168831,0.0279979760499,0.51875,7.08404113248,0.092000534188
3,85,77,CH:64	CC:12	TH:0	TC:1,3278,2,2,0.012987012987,0.168831168831,0.0107944004048,1.0,4.98785425101,0.0647773279352
4,85,77,CH:53	CC:5	TH:11	TC:8,3320,2,2,0.246753246753,0.168831168831,0.0622364648339,0.489389920424,11.4350623429,0.148507303155
3,85,77,TH:63	TC:13	CH:1	CC:0,3324,2,2,0.012987012987,0.168831168831,-0.00219261258222,1.0,0.205797697368,0.00267269736842
3,85,77,CH:64	CC:10	TH:0	TC:3,3349,2,2,0.038961038961,0.168831168831,0.0323832012144,1.0,15.367983368,0.199584199584
3,85,76,TH:6	TC:0	GH:57	GC:13,3363,2,2,0.0789473684211,0.171052631579,0.0135041551247,1.0,1.34421768707,0.0176870748299
3,85,77,CH:60	CC:13	TH:4	TC:0,3397,2,2,0.0519480519481,0.168831168831,-0.00877045032889,1.0,0.857020547945,0.0111301369863
3,85,78,CH:65	CC:12	TH:0	TC:1,3430,2,2,0.0128205128205,0.166666666667,0.0106837606838,1.0,5.06493506494,0.0649350649351
4,85,78,TH:63	TC:10	CH:2	CC:3,3441,2,2,0.0641025641026,0.166666666667,0.0277777777778,0.52,7.22301369863,0.092602739726
3,85,78,CH:65	CC:12	TH:0	TC:1,3454,2,2,0.0128205128205,0.166666666667,0.0106837606838,1.0,5.06493506494,0.0649350649351
4,85,78,AH:64	AC:10	GH:1	GC:3,3474,2,2,0.0512820512821,0.166666666667,0.0299145299145,0.7,10.3297297297,0.132432432432
3,85,78,CH:65	CC:11	TH:0	TC:2,3484,2,2,0.025641025641,0.166666666667,0.0213675213675,1.0,10.2631578947,0.131578947368
3,85,78,GH:64	GC:13	AH:1	AC:0,3487,2,2,0.0128205128205,0.166666666667,-0.00213675213675,1.0,0.202597402597,0.0025974025974
3,85,78,GH:64	GC:13	AH:1	AC:0,3500,2,2,0.0128205128205,0.166666666667,-0.00213675213675,1.0,0.202597402597,0.0025974025974
3,85,78,CH:65	CC:12	TH:0	TC:1,3506,2,2,0.0128205128205,0.166666666667,0.0106837606838,1.0,5.06493506494,0.0649350649351
3,85,78,CH:65	CC:11	TH:0	TC:2,3522,2,2,0.025641025641,0.166666666667,0.0213675213675,1.0,10.2631578947,0.131578947368
3,85,77,TH:63	TC:13	CH:1	CC:0,3524,2,2,0.012987012987,0.168831168831,-0.00219261258222,1.0,0.205797697368,0.00267269736842
4,85,78,TH:64	TC:12	CH:1	CC:1,3542,2,2,0.025641025641,0.166666666667,0.00854700854701,0.4,1.64210526316,0.0210526315789
3,85,78,GH:64	GC:13	AH:1	AC:0,3559,2,2,0.0128205128205,0.166666666667,-0.00213675213675,1.0,0.202597402597,0.0025974025974
3,85,78,GH:64	GC:13	AH:1	AC:0,3589,2,2,0.0128205128205,0.166666666667,-0.00213675213675,1.0,0.202597402597,0.0025974025974
3,85,78,GH:64	GC:13	AH:1	AC:0,3607,2,2,0.0128205128205,0.166666666667,-0.00213675213675,1.0,0.202597402597,0.0025974025974
3,85,78,AH:59	AC:13	GH:6	GC:0,3677,2,2,0.0769230769231,0.166666666667,-0.0128205128205,1.0,1.3,0.0166666666667
4,85,78,GH:58	GC:8	TH:7	TC:5,3692,2,2,0.153846153846,0.166666666667,0.0384615384615,0.3,6.38181818182,0.0818181818182
3,85,78,TH:62	TC:13	CH:3	CC:0,3707,2,2,0.0384615384615,0.166666666667,-0.00641025641026,1.0,0.624,0.008
3,85,78,GH:64	GC:13	AH:1	AC:0,3715,2,2,0.0128205128205,0.166666666667,-0.00213675213675,1.0,0.202597402597,0.0025974025974
3,85,78,GH:64	GC:13	AH:1	AC:0,3859,2,2,0.0128205128205,0.166666666667,-0.00213675213675,1.0,0.202597402597,0.0025974025974
3,85,78,CH:65	CC:12	TH:0	TC:1,3960,2,2,0.0128205128205,0.166666666667,0.0106837606838,1.0,5.06493506494,0.0649350649351
4,85,78,TH:63	TC:10	CH:2	CC:3,4034,2,2,0.0641025641026,0.166666666667,0.0277777777778,0.52,7.22301369863,0.092602739726
3,85,78,CH:65	CC:9	TH:0	TC:4,4196,2,2,0.0512820512821,0.166666666667,0.042735042735,1.0,21.0810810811,0.27027027027
3,85,81,CH:68	CC:11	TH:0	TC:2,4298,2,2,0.0246913580247,0.16049382716,0.0207285474775,1.0,10.7263875365,0.132424537488
3,85,81,GH:66	GC:13	TH:2	TC:0,4322,2,2,0.0246913580247,0.16049382716,-0.00396281054717,1.0,0.392032762472,0.0048399106478
4,85,80,TH:65	TC:10	GH:2	GC:3,4388,2,2,0.0625,0.1625,0.02734375,0.522388059701,7.50095675469,0.0937619594336
3,85,80,TH:20	TC:0	GH:47	GC:13,4397,2,2,0.25,0.1625,0.040625,1.0,5.17412935323,0.0646766169154
3,85,79,CH:65	CC:13	TH:1	TC:0,4418,2,2,0.0126582278481,0.164556962025,-0.00208299951931,1.0,0.199494949495,0.00252525252525
3,85,80,GH:67	GC:12	TH:0	TC:1,4530,2,2,0.0125,0.1625,0.01046875,1.0,5.21908471276,0.0652385589094
3,85,80,GH:67	GC:11	AH:0	AC:2,4531,2,2,0.025,0.1625,0.0209375,1.0,10.5719921105,0.132149901381
3,85,80,CH:66	CC:13	TH:1	TC:0,4563,2,2,0.0125,0.1625,-0.00203125,1.0,0.196485924806,0.00245607406008
3,85,80,CH:66	CC:13	TH:1	TC:0,4598,2,2,0.0125,0.1625,-0.00203125,1.0,0.196485924806,0.00245607406008
3,85,80,CH:66	CC:13	TH:1	TC:0,4708,2,2,0.0125,0.1625,-0.00203125,1.0,0.196485924806,0.00245607406008
3,85,80,CH:66	CC:13	TH:1	TC:0,4710,2,2,0.0125,0.1625,-0.00203125,1.0,0.196485924806,0.00245607406008
3,85,80,CH:66	CC:13	TH:1	TC:0,4733,2,2,0.0125,0.1625,-0.00203125,1.0,0.196485924806,0.00245607406008
3,85,80,CH:66	CC:13	TH:1	TC:0,4793,2,2,0.0125,0.1625,-0.00203125,1.0,0.196485924806,0.00245607406008
4,85,80,TH:57	TC:10	CH:10	CC:3,4847,2,2,0.1625,0.1625,0.01109375,0.0815154994259,0.531582131733,0.00664477664666
3,85,80,CH:65	CC:13	TH:2	TC:0,4941,2,2,0.025,0.1625,-0.0040625,1.0,0.398009950249,0.00497512437811
3,85,80,CH:66	CC:13	TH:1	TC:0,4944,2,2,0.0125,0.1625,-0.00203125,1.0,0.196485924806,0.00245607406008
3,85,80,CH:66	CC:13	TH:1	TC:0,4945,2,2,0.0125,0.1625,-0.00203125,1.0,0.196485924806,0.00245607406008
3,85,80,AH:60	AC:13	GH:7	GC:0,4995,2,2,0.0875,0.1625,-0.01421875,1.0,1.48844817011,0.0186056021264
4,85,80,TH:65	TC:10	GH:2	GC:3,4996,2,2,0.0625,0.1625,0.02734375,0.522388059701,7.50095675469,0.0937619594336
3,85,80,CH:67	CC:10	TH:0	TC:3,5031,2,2,0.0375,0.1625,0.03140625,1.0,16.0639360639,0.200799200799
3,85,80,CH:65	CC:13	TH:2	TC:0,5118,2,2,0.025,0.1625,-0.0040625,1.0,0.398009950249,0.00497512437811
3,85,80,GH:67	GC:12	TH:0	TC:1,5122,2,2,0.0125,0.1625,0.01046875,1.0,5.21908471276,0.0652385589094
3,85,80,CH:66	CC:13	TH:1	TC:0,5155,2,2,0.0125,0.1625,-0.00203125,1.0,0.196485924806,0.00245607406008
3,85,80,CH:66	CC:13	TH:1	TC:0,5185,2,2,0.0125,0.1625,-0.00203125,1.0,0.196485924806,0.00245607406008
3,85,80,TH:20	TC:0	GH:47	GC:13,5205,2,2,0.25,0.1625,0.040625,1.0,5.17412935323,0.0646766169154
3,85,80,CH:66	CC:13	TH:1	TC:0,5309,2,2,0.0125,0.1625,-0.00203125,1.0,0.196485924806,0.00245607406008
3,85,80,CH:66	CC:13	TH:1	TC:0,5376,2,2,0.0125,0.1625,-0.00203125,1.0,0.196485924806,0.00245607406008
4,85,80,TH:65	TC:10	GH:2	GC:3,5427,2,2,0.0625,0.1625,0.02734375,0.522388059701,7.50095675469,0.0937619594336
3,85,80,CH:66	CC:13	TH:1	TC:0,5432,2,2,0.0125,0.1625,-0.00203125,1.0,0.196485924806,0.00245607406008
4,85,79,GH:64	GC:10	AH:2	AC:3,5516,2,2,0.0632911392405,0.164556962025,0.0275596859478,0.521212121212,7.36198576199,0.0931896931897
3,85,80,CH:62	CC:13	TH:5	TC:0,5568,2,2,0.0625,0.1625,-0.01015625,1.0,1.03482587065,0.0129353233831
3,85,80,CH:66	CC:13	TH:1	TC:0,5593,2,2,0.0125,0.1625,-0.00203125,1.0,0.196485924806,0.00245607406008
3,85,80,GH:67	GC:11	AH:0	AC:2,5600,2,2,0.025,0.1625,0.0209375,1.0,10.5719921105,0.132149901381
4,85,80,CH:60	CC:8	TH:7	TC:5,5658,2,2,0.15,0.1625,0.038125,0.303482587065,6.70133495419,0.0837666869274
3,85,80,GH:67	GC:11	AH:0	AC:2,5729,2,2,0.025,0.1625,0.0209375,1.0,10.5719921105,0.132149901381
3,85,80,GH:67	GC:12	TH:0	TC:1,5774,2,2,0.0125,0.1625,0.01046875,1.0,5.21908471276,0.0652385589094
3,85,80,CH:65	CC:13	TH:2	TC:0,5802,2,2,0.025,0.1625,-0.0040625,1.0,0.398009950249,0.00497512437811
3,85,80,CH:67	CC:10	TH:0	TC:3,5828,2,2,0.0375,0.1625,0.03140625,1.0,16.0639360639,0.200799200799
3,85,80,CH:64	CC:13	TH:3	TC:0,5900,2,2,0.0375,0.1625,-0.00609375,1.0,0.604768365962,0.00755960457453
3,85,80,CH:64	CC:13	TH:3	TC:0,5932,2,2,0.0375,0.1625,-0.00609375,1.0,0.604768365962,0.00755960457453
3,85,80,GH:67	GC:12	TH:0	TC:1,5959,2,2,0.0125,0.1625,0.01046875,1.0,5.21908471276,0.0652385589094
3,85,80,TH:61	TC:13	CH:6	CC:0,5960,2,2,0.075,0.1625,-0.0121875,1.0,1.25857200484,0.0157321500605
3,85,80,CH:66	CC:13	TH:1	TC:0,5979,2,2,0.0125,0.1625,-0.00203125,1.0,0.196485924806,0.00245607406008
3,85,80,CH:67	CC:10	TH:0	TC:3,6010,2,2,0.0375,0.1625,0.03140625,1.0,16.0639360639,0.200799200799
3,85,80,CH:65	CC:13	TH:2	TC:0,6059,2,2,0.025,0.1625,-0.0040625,1.0,0.398009950249,0.00497512437811
3,85,80,GH:67	GC:11	AH:0	AC:2,6062,2,2,0.025,0.1625,0.0209375,1.0,10.5719921105,0.132149901381
3,85,80,CH:66	CC:13	TH:1	TC:0,6116,2,2,0.0125,0.1625,-0.00203125,1.0,0.196485924806,0.00245607406008
3,85,82,CH:68	CC:13	TH:1	TC:0,6156,2,2,0.0121951219512,0.158536585366,-0.00193337299227,1.0,0.190731794597,0.00232599749508
3,85,83,GH:69	GC:13	AH:1	AC:0,6167,2,2,0.0120481927711,0.156626506024,-0.00188706633764,1.0,0.187979094077,0.00226480836237
3,85,75,AH:56	AC:13	CH:6	CC:0,6169,2,2,0.08,0.173333333333,-0.0138666666667,1.0,1.36746143058,0.0182328190743
3,85,83,GH:70	GC:11	TH:0	TC:2,6170,2,2,0.0240963855422,0.156626506024,0.0203222528669,1.0,11.0351377018,0.132953466287
3,85,83,CH:70	CC:12	TH:0	TC:1,6189,2,2,0.0120481927711,0.156626506024,0.0101611264334,1.0,5.45028142589,0.0656660412758
3,85,83,GH:69	GC:13	AH:1	AC:0,6241,2,2,0.0120481927711,0.156626506024,-0.00188706633764,1.0,0.187979094077,0.00226480836237
3,85,83,GH:70	GC:10	TH:0	TC:3,6277,2,2,0.0361445783133,0.156626506024,0.0304833793003,1.0,16.7596153846,0.201923076923
3,85,83,CH:68	CC:13	TH:2	TC:0,6293,2,2,0.0240963855422,0.156626506024,-0.00377413267528,1.0,0.380599647266,0.00458553791887
3,85,83,GH:70	GC:11	TH:0	TC:2,6301,2,2,0.0240963855422,0.156626506024,0.0203222528669,1.0,11.0351377018,0.132953466287
3,85,83,GH:69	GC:13	AH:1	AC:0,6305,2,2,0.0120481927711,0.156626506024,-0.00188706633764,1.0,0.187979094077,0.00226480836237
4,85,83,TH:58	TC:10	CH:12	CC:3,6332,2,2,0.180722891566,0.156626506024,0.00783858324866,0.0610859728507,0.260749838397,0.00314156431803
3,85,83,CH:66	CC:13	TH:4	TC:0,6397,2,2,0.0481927710843,0.156626506024,-0.00754826535056,1.0,0.780470162749,0.00940325497288
3,85,81,CH:67	CC:13	TH:1	TC:0,6452,2,2,0.0123456790123,0.16049382716,-0.00198140527359,1.0,0.193566176471,0.00238970588235
4,85,81,GH:58	GC:5	AH:10	AC:8,6476,2,2,0.222222222222,0.16049382716,0.0631001371742,0.505494505495,13.849062702,0.170976082741
3,85,81,CH:67	CC:13	TH:1	TC:0,6515,2,2,0.0123456790123,0.16049382716,-0.00198140527359,1.0,0.193566176471,0.00238970588235
3,85,81,CH:67	CC:13	TH:1	TC:0,6589,2,2,0.0123456790123,0.16049382716,-0.00198140527359,1.0,0.193566176471,0.00238970588235
3,85,81,TH:68	TC:9	CH:0	CC:4,6597,2,2,0.0493827160494,0.16049382716,0.041457094955,1.0,22.00999001,0.271728271728
3,85,81,GH:66	GC:13	TH:2	TC:0,6619,2,2,0.0246913580247,0.16049382716,-0.00396281054717,1.0,0.392032762472,0.0048399106478
3,85,81,CH:67	CC:13	TH:1	TC:0,6666,2,2,0.0123456790123,0.16049382716,-0.00198140527359,1.0,0.193566176471,0.00238970588235
3,85,81,CH:67	CC:13	TH:1	TC:0,6670,2,2,0.0123456790123,0.16049382716,-0.00198140527359,1.0,0.193566176471,0.00238970588235
3,85,81,GH:68	GC:10	AH:0	AC:3,6680,2,2,0.037037037037,0.16049382716,0.0310928212163,1.0,16.2958579882,0.201183431953
3,85,81,CH:67	CC:13	TH:1	TC:0,6707,2,2,0.0123456790123,0.16049382716,-0.00198140527359,1.0,0.193566176471,0.00238970588235
3,85,82,GH:66	GC:14	AH:2	AC:0,6773,2,2,0.0243902439024,0.170731707317,-0.00416418798334,1.0,0.422058823529,0.00514705882353
3,85,82,CH:68	CC:12	TH:0	TC:2,6777,2,2,0.0243902439024,0.170731707317,0.0202260559191,1.0,9.95714285714,0.121428571429
3,85,82,TH:67	TC:14	CH:1	CC:0,6808,2,2,0.0121951219512,0.170731707317,-0.00208209399167,1.0,0.208424110385,0.00254175744372
3,85,82,TH:67	TC:14	CH:1	CC:0,6879,2,2,0.0121951219512,0.170731707317,-0.00208209399167,1.0,0.208424110385,0.00254175744372
3,85,82,GH:65	GC:14	TH:3	TC:0,6995,2,2,0.0365853658537,0.170731707317,-0.00624628197501,1.0,0.641102010424,0.0078183172003
4,85,82,CH:52	CC:13	AH:16	AC:1,7001,2,2,0.207317073171,0.170731707317,-0.0232004759072,0.655462184874,1.89698467622,0.0231339594661
3,85,82,TH:67	TC:14	CH:1	CC:0,7009,2,2,0.0121951219512,0.170731707317,-0.00208209399167,1.0,0.208424110385,0.00254175744372
3,85,81,AH:67	AC:13	GH:0	GC:1,7056,2,2,0.0123456790123,0.172839506173,0.0102118579485,1.0,4.84553571429,0.0598214285714
3,85,81,CH:67	CC:11	TH:0	TC:3,7276,2,2,0.037037037037,0.172839506173,0.0306355738455,1.0,14.9093406593,0.184065934066
3,85,81,TH:66	TC:14	CH:1	CC:0,7340,2,2,0.0123456790123,0.172839506173,-0.00213382106386,1.0,0.211567164179,0.00261194029851
3,85,81,TH:66	TC:14	CH:1	CC:0,7391,2,2,0.0123456790123,0.172839506173,-0.00213382106386,1.0,0.211567164179,0.00261194029851
3,85,80,CH:66	CC:13	TH:1	TC:0,7550,2,2,0.0125,0.1625,-0.00203125,1.0,0.196485924806,0.00245607406008
3,85,80,GH:67	GC:11	AH:0	AC:2,7554,2,2,0.025,0.1625,0.0209375,1.0,10.5719921105,0.132149901381
3,85,81,GH:68	GC:10	AH:0	AC:3,7720,2,2,0.037037037037,0.16049382716,0.0310928212163,1.0,16.2958579882,0.201183431953
3,85,81,CH:67	CC:13	TH:1	TC:0,7721,2,2,0.0123456790123,0.16049382716,-0.00198140527359,1.0,0.193566176471,0.00238970588235
4,85,81,TH:67	TC:11	CH:1	CC:2,7733,2,2,0.037037037037,0.16049382716,0.0187471422039,0.602941176471,5.92416463627,0.0731378350157
3,85,81,CH:67	CC:13	TH:1	TC:0,7840,2,2,0.0123456790123,0.16049382716,-0.00198140527359,1.0,0.193566176471,0.00238970588235
3,85,81,AH:20	AC:0	GH:48	GC:13,7926,2,2,0.246913580247,0.16049382716,0.0396281054717,1.0,5.07714561234,0.0626808100289
3,85,81,TH:68	TC:12	CH:0	CC:1,7937,2,2,0.0123456790123,0.16049382716,0.0103642737388,1.0,5.29615384615,0.0653846153846
3,85,81,TH:68	TC:12	CH:0	CC:1,7998,2,2,0.0123456790123,0.16049382716,0.0103642737388,1.0,5.29615384615,0.0653846153846
3,85,81,CH:67	CC:13	TH:1	TC:0,8038,2,2,0.0123456790123,0.16049382716,-0.00198140527359,1.0,0.193566176471,0.00238970588235
3,85,82,CH:68	CC:13	TH:0	TC:1,8114,2,2,0.0121951219512,0.170731707317,0.0101130279595,1.0,4.91710758377,0.0599647266314
3,85,82,TH:67	TC:14	CH:1	CC:0,8183,2,2,0.0121951219512,0.170731707317,-0.00208209399167,1.0,0.208424110385,0.00254175744372
3,85,82,AH:68	AC:11	CH:0	CC:3,8193,2,2,0.0365853658537,0.170731707317,0.0303390838786,1.0,15.1247739602,0.184448462929
3,85,82,CH:68	CC:12	TH:0	TC:2,8206,2,2,0.0243902439024,0.170731707317,0.0202260559191,1.0,9.95714285714,0.121428571429
4,85,82,TH:66	TC:11	CH:2	CC:3,8207,2,2,0.0609756097561,0.170731707317,0.0261748958953,0.517647058824,6.93013205282,0.0845138055222
3,85,82,AH:68	AC:11	CH:0	CC:3,8210,2,2,0.0365853658537,0.170731707317,0.0303390838786,1.0,15.1247739602,0.184448462929
4,85,81,TH:65	TC:11	CH:2	CC:3,8258,2,2,0.0617283950617,0.172839506173,0.0263679317177,0.516417910448,6.80128212322,0.0839664459657
3,85,79,TH:65	TC:11	CH:0	CC:3,8305,2,2,0.0379746835443,0.177215189873,0.0312449927896,1.0,14.4783834586,0.183270676692
4,85,80,TH:64	TC:11	CH:2	CC:3,8333,2,2,0.0625,0.175,0.0265625,0.515151515152,6.67243867244,0.0834054834055
3,85,78,CH:64	CC:12	TH:0	TC:2,8444,2,2,0.025641025641,0.179487179487,0.0210387902696,1.0,9.38345864662,0.12030075188
3,85,78,CH:59	CC:14	TH:5	TC:0,8502,2,2,0.0641025641026,0.179487179487,-0.0115055884287,1.0,1.16866438356,0.0149828767123
4,85,78,CH:27	CC:13	TH:37	TC:1,8518,2,2,0.487179487179,0.179487179487,-0.0746219592373,0.853383458647,11.8046933741,0.151342222744
3,85,78,CH:62	CC:14	TH:2	TC:0,8546,2,2,0.025641025641,0.179487179487,-0.00460223537147,1.0,0.449013157895,0.00575657894737
4,85,78,TH:62	TC:11	CH:2	CC:3,8617,2,2,0.0641025641026,0.179487179487,0.0269559500329,0.5125,6.41477495108,0.082240704501
3,85,78,GH:64	GC:13	AH:0	AC:1,8681,2,2,0.0128205128205,0.179487179487,0.0105193951348,1.0,4.63079777365,0.0593692022263
3,85,79,TH:65	TC:11	CH:0	CC:3,8726,2,2,0.0379746835443,0.177215189873,0.0312449927896,1.0,14.4783834586,0.183270676692
4,85,79,AH:63	AC:13	GH:2	GC:1,8770,2,2,0.0379746835443,0.177215189873,0.00592853709341,0.189743589744,0.52125988047,0.00659822633507
3,85,79,GH:64	GC:14	TH:1	TC:0,8867,2,2,0.0126582278481,0.177215189873,-0.00224323025156,1.0,0.218145956607,0.00276134122288
3,85,79,TH:60	TC:14	CH:5	CC:0,8885,2,2,0.0632911392405,0.177215189873,-0.0112161512578,1.0,1.14968814969,0.014553014553
3,85,79,GH:65	GC:13	TH:0	TC:1,9014,2,2,0.0126582278481,0.177215189873,0.0104149975965,1.0,4.70238095238,0.0595238095238
3,85,78,CH:65	CC:12	TH:0	TC:1,9176,2,2,0.0128205128205,0.166666666667,0.0106837606838,1.0,5.06493506494,0.0649350649351
3,85,78,GH:64	GC:13	AH:1	AC:0,9185,2,2,0.0128205128205,0.166666666667,-0.00213675213675,1.0,0.202597402597,0.0025974025974
3,85,78,CH:63	CC:13	TH:2	TC:0,9374,2,2,0.025641025641,0.166666666667,-0.0042735042735,1.0,0.410526315789,0.00526315789474
3,85,78,GH:28	GC:13	AH:37	AC:0,9395,2,2,0.474358974359,0.166666666667,-0.0790598290598,1.0,14.0780487805,0.180487804878
3,85,78,CH:63	CC:13	TH:2	TC:0,9516,2,2,0.025641025641,0.166666666667,-0.0042735042735,1.0,0.410526315789,0.00526315789474
3,85,78,CH:65	CC:11	TH:0	TC:2,9572,2,2,0.025641025641,0.166666666667,0.0213675213675,1.0,10.2631578947,0.131578947368
3,85,78,GH:64	GC:13	AH:1	AC:0,9626,2,2,0.0128205128205,0.166666666667,-0.00213675213675,1.0,0.202597402597,0.0025974025974
3,85,78,CH:65	CC:11	TH:0	TC:2,9641,2,2,0.025641025641,0.166666666667,0.0213675213675,1.0,10.2631578947,0.131578947368
4,85,78,TH:7	TC:5	CH:58	CC:8,9659,2,2,0.153846153846,0.166666666667,-0.0384615384615,0.3,6.38181818182,0.0818181818182
3,85,78,GH:64	GC:13	AH:1	AC:0,9697,2,2,0.0128205128205,0.166666666667,-0.00213675213675,1.0,0.202597402597,0.0025974025974
3,85,78,TH:65	TC:10	CH:0	CC:3,9779,2,2,0.0384615384615,0.166666666667,0.0320512820513,1.0,15.6,0.2
3,85,79,CH:65	CC:13	TH:1	TC:0,9985,2,2,0.0126582278481,0.164556962025,-0.00208299951931,1.0,0.199494949495,0.00252525252525
3,85,79,CH:65	CC:13	TH:1	TC:0,9998,2,2,0.0126582278481,0.164556962025,-0.00208299951931,1.0,0.199494949495,0.00252525252525
3,85,79,CH:65	CC:13	TH:1	TC:0,10055,2,2,0.0126582278481,0.164556962025,-0.00208299951931,1.0,0.199494949495,0.00252525252525
3,85,79,CH:65	CC:13	TH:1	TC:0,10070,2,2,0.0126582278481,0.164556962025,-0.00208299951931,1.0,0.199494949495,0.00252525252525
3,85,80,CH:61	CC:14	TH:5	TC:0,10133,2,2,0.0625,0.175,-0.0109375,1.0,1.13131313131,0.0141414141414
3,85,80,AH:45	AC:14	GH:21	GC:0,10136,2,2,0.2625,0.175,-0.0459375,1.0,6.04006163328,0.075500770416
3,85,80,GH:66	GC:12	AH:0	AC:2,10148,2,2,0.025,0.175,0.020625,1.0,9.67032967033,0.120879120879
3,85,80,CH:61	CC:14	TH:5	TC:0,10154,2,2,0.0625,0.175,-0.0109375,1.0,1.13131313131,0.0141414141414
3,85,82,GH:65	GC:14	TH:3	TC:0,10331,2,2,0.0365853658537,0.170731707317,-0.00624628197501,1.0,0.641102010424,0.0078183172003
3,85,82,AH:68	AC:11	CH:0	CC:3,10359,2,2,0.0365853658537,0.170731707317,0.0303390838786,1.0,15.1247739602,0.184448462929
3,85,78,CH:62	CC:14	TH:2	TC:0,10486,2,2,0.025641025641,0.179487179487,-0.00460223537147,1.0,0.449013157895,0.00575657894737
4,85,78,TH:62	TC:11	CH:2	CC:3,10505,2,2,0.0641025641026,0.179487179487,0.0269559500329,0.5125,6.41477495108,0.082240704501
3,85,78,TH:63	TC:14	CH:1	CC:0,10642,2,2,0.0128205128205,0.179487179487,-0.00230111768573,1.0,0.221590909091,0.00284090909091
3,85,78,GH:64	GC:13	AH:0	AC:1,10655,2,2,0.0128205128205,0.179487179487,0.0105193951348,1.0,4.63079777365,0.0593692022263
3,85,77,TH:62	TC:13	CH:2	CC:0,10748,2,2,0.025974025974,0.168831168831,-0.00438522516445,1.0,0.417083333333,0.00541666666667
3,85,77,CH:64	CC:10	TH:0	TC:3,10833,2,2,0.038961038961,0.168831168831,0.0323832012144,1.0,15.367983368,0.199584199584
4,85,77,TH:62	TC:10	CH:2	CC:3,10835,2,2,0.0649350649351,0.168831168831,0.0279979760499,0.51875,7.08404113248,0.092000534188
3,85,77,TH:52	TC:13	CH:12	CC:0,10874,2,2,0.155844155844,0.168831168831,-0.0263113509867,1.0,2.8875,0.0375
3,85,77,TH:62	TC:13	CH:2	CC:0,10982,2,2,0.025974025974,0.168831168831,-0.00438522516445,1.0,0.417083333333,0.00541666666667
3,85,77,TH:63	TC:13	CH:1	CC:0,10985,2,2,0.012987012987,0.168831168831,-0.00219261258222,1.0,0.205797697368,0.00267269736842
3,85,77,CH:64	CC:11	TH:0	TC:2,11042,2,2,0.025974025974,0.168831168831,0.0215888008096,1.0,10.1087179487,0.131282051282
3,85,76,GH:62	GC:13	AH:1	AC:0,11363,2,2,0.0131578947368,0.171052631579,-0.00225069252078,1.0,0.209100529101,0.00275132275132
3,85,76,AH:63	AC:10	GH:0	GC:3,11439,2,2,0.0394736842105,0.171052631579,0.0327216066482,1.0,15.1359325606,0.199157007376
4,85,76,CH:53	CC:12	TH:10	TC:1,11492,2,2,0.144736842105,0.171052631579,-0.0115997229917,0.468531468531,0.582603721065,0.00766583843507
3,85,76,GH:62	GC:13	AH:1	AC:0,11520,2,2,0.0131578947368,0.171052631579,-0.00225069252078,1.0,0.209100529101,0.00275132275132
3,85,76,CH:57	CC:13	TH:6	TC:0,11533,2,2,0.0789473684211,0.171052631579,-0.0135041551247,1.0,1.34421768707,0.0176870748299
3,85,76,AH:53	AC:13	GH:10	GC:0,11534,2,2,0.131578947368,0.171052631579,-0.0225069252078,1.0,2.37614237614,0.031265031265
3,85,76,TH:16	TC:0	CH:47	CC:13,11631,2,2,0.210526315789,0.171052631579,0.0360110803324,1.0,4.18201058201,0.0550264550265
3,85,76,GH:62	GC:13	AH:1	AC:0,11681,2,2,0.0131578947368,0.171052631579,-0.00225069252078,1.0,0.209100529101,0.00275132275132
3,85,76,AH:61	AC:13	GH:2	GC:0,11699,2,2,0.0263157894737,0.171052631579,-0.00450138504155,1.0,0.423852423852,0.00557700557701
3,85,76,GH:62	GC:13	AH:1	AC:0,11708,2,2,0.0131578947368,0.171052631579,-0.00225069252078,1.0,0.209100529101,0.00275132275132
3,85,76,GH:62	GC:13	AH:1	AC:0,11775,2,2,0.0131578947368,0.171052631579,-0.00225069252078,1.0,0.209100529101,0.00275132275132
3,85,76,AH:61	AC:13	GH:2	GC:0,11784,2,2,0.0263157894737,0.171052631579,-0.00450138504155,1.0,0.423852423852,0.00557700557701
4,85,76,CH:61	CC:10	TH:2	TC:3,11984,2,2,0.0657894736842,0.171052631579,0.0282202216066,0.51746031746,6.94506870282,0.0913824829318
3,85,76,GH:62	GC:13	AH:1	AC:0,11987,2,2,0.0131578947368,0.171052631579,-0.00225069252078,1.0,0.209100529101,0.00275132275132
3,85,76,CH:63	CC:11	TH:0	TC:2,12048,2,2,0.0263157894737,0.171052631579,0.0218144044321,1.0,9.95426195426,0.130977130977
4,85,77,CH:7	CC:3	TH:57	TC:10,12257,2,2,0.12987012987,0.168831168831,-0.0170349131388,0.1578125,1.40907900402,0.0182997273249
3,85,77,CH:43	CC:13	TH:21	TC:0,12299,2,2,0.272727272727,0.168831168831,-0.0460448642267,1.0,5.865234375,0.076171875
3,85,75,CH:61	CC:13	TH:1	TC:0,12425,2,2,0.0133333333333,0.173333333333,-0.00231111111111,1.0,0.212510897995,0.00283347863993
3,85,77,TH:63	TC:13	CH:1	CC:0,12428,2,2,0.012987012987,0.168831168831,-0.00219261258222,1.0,0.205797697368,0.00267269736842
3,85,77,CH:64	CC:12	TH:0	TC:1,12486,2,2,0.012987012987,0.168831168831,0.0107944004048,1.0,4.98785425101,0.0647773279352
3,85,77,TH:63	TC:13	CH:1	CC:0,12616,2,2,0.012987012987,0.168831168831,-0.00219261258222,1.0,0.205797697368,0.00267269736842
4,85,77,TH:62	TC:10	CH:2	CC:3,12684,2,2,0.0649350649351,0.168831168831,0.0279979760499,0.51875,7.08404113248,0.092000534188
4,85,77,TH:62	TC:10	CH:2	CC:3,12707,2,2,0.0649350649351,0.168831168831,0.0279979760499,0.51875,7.08404113248,0.092000534188
3,85,77,CH:64	CC:10	TH:0	TC:3,12809,2,2,0.038961038961,0.168831168831,0.0323832012144,1.0,15.367983368,0.199584199584
3,85,77,TH:63	TC:13	CH:1	CC:0,12817,2,2,0.012987012987,0.168831168831,-0.00219261258222,1.0,0.205797697368,0.00267269736842
3,85,77,CH:64	CC:10	TH:0	TC:3,12818,2,2,0.038961038961,0.168831168831,0.0323832012144,1.0,15.367983368,0.199584199584
3,85,76,CH:63	CC:12	TH:0	TC:1,12836,2,2,0.0131578947368,0.171052631579,0.0109072022161,1.0,4.91076923077,0.0646153846154
3,85,76,GH:62	GC:13	AH:1	AC:0,12845,2,2,0.0131578947368,0.171052631579,-0.00225069252078,1.0,0.209100529101,0.00275132275132
3,85,76,GH:62	GC:13	AH:1	AC:0,12866,2,2,0.0131578947368,0.171052631579,-0.00225069252078,1.0,0.209100529101,0.00275132275132
3,85,76,CH:63	CC:11	TH:0	TC:2,12875,2,2,0.0263157894737,0.171052631579,0.0218144044321,1.0,9.95426195426,0.130977130977
3,85,76,GH:62	GC:13	AH:1	AC:0,13002,2,2,0.0131578947368,0.171052631579,-0.00225069252078,1.0,0.209100529101,0.00275132275132
3,85,76,GH:62	GC:13	AH:1	AC:0,13011,2,2,0.0131578947368,0.171052631579,-0.00225069252078,1.0,0.209100529101,0.00275132275132
4,85,76,CH:61	CC:10	TH:2	TC:3,13022,2,2,0.0657894736842,0.171052631579,0.0282202216066,0.51746031746,6.94506870282,0.0913824829318
4,85,76,CH:61	CC:12	TH:2	TC:1,13096,2,2,0.0394736842105,0.171052631579,0.00640581717452,0.195767195767,0.580081511588,0.00763265146827
3,85,76,GH:62	GC:13	AH:1	AC:0,13281,2,2,0.0131578947368,0.171052631579,-0.00225069252078,1.0,0.209100529101,0.00275132275132
3,85,76,CH:63	CC:12	TH:0	TC:1,13299,2,2,0.0131578947368,0.171052631579,0.0109072022161,1.0,4.91076923077,0.0646153846154
3,85,76,CH:47	CC:13	TH:16	TC:0,13396,2,2,0.210526315789,0.171052631579,-0.0360110803324,1.0,4.18201058201,0.0550264550265
3,85,76,CH:63	CC:12	TH:0	TC:1,13609,2,2,0.0131578947368,0.171052631579,0.0109072022161,1.0,4.91076923077,0.0646153846154
3,85,76,CH:63	CC:12	TH:0	TC:1,13663,2,2,0.0131578947368,0.171052631579,0.0109072022161,1.0,4.91076923077,0.0646153846154
3,85,76,GH:62	GC:13	AH:1	AC:0,13678,2,2,0.0131578947368,0.171052631579,-0.00225069252078,1.0,0.209100529101,0.00275132275132
3,85,75,GH:62	GC:11	CH:0	CC:2,13955,2,2,0.0266666666667,0.173333333333,0.0220444444444,1.0,9.79978925184,0.130663856691
3,85,74,CH:60	CC:13	TH:1	TC:0,14006,2,2,0.0135135135135,0.175675675676,-0.00237399561724,1.0,0.216034134291,0.00291938019313
4,85,74,CH:60	CC:11	TH:1	TC:2,14223,2,2,0.0405405405405,0.175675675676,0.0199050401753,0.595628415301,5.20513412548,0.0703396503443
3,85,75,TH:62	TC:10	GH:0	GC:3,14347,2,2,0.04,0.173333333333,0.0330666666667,1.0,14.9038461538,0.198717948718
3,85,75,TH:62	TC:12	CH:0	CC:1,14356,2,2,0.0133333333333,0.173333333333,0.0110222222222,1.0,4.83367983368,0.0644490644491
3,85,75,CH:61	CC:13	TH:1	TC:0,14371,2,2,0.0133333333333,0.173333333333,-0.00231111111111,1.0,0.212510897995,0.00283347863993
3,85,75,TH:62	TC:12	CH:0	CC:1,14410,2,2,0.0133333333333,0.173333333333,0.0110222222222,1.0,4.83367983368,0.0644490644491
3,85,76,GH:62	GC:13	AH:1	AC:0,14644,2,2,0.0131578947368,0.171052631579,-0.00225069252078,1.0,0.209100529101,0.00275132275132
3,85,76,GH:62	GC:13	AH:1	AC:0,14645,2,2,0.0131578947368,0.171052631579,-0.00225069252078,1.0,0.209100529101,0.00275132275132
3,85,77,GH:28	GC:13	TH:36	TC:0,14716,2,2,0.467532467532,0.168831168831,-0.07893405296,1.0,13.7332317073,0.178353658537
3,85,74,GH:61	GC:12	AH:0	AC:1,14845,2,2,0.0135135135135,0.175675675676,0.0111395178963,1.0,4.75658587987,0.0642781875659
3,85,74,TH:61	TC:10	CH:0	CC:3,14860,2,2,0.0405405405405,0.175675675676,0.0334185536888,1.0,14.6717226436,0.19826652221
3,85,74,TH:61	TC:10	CH:0	CC:3,14923,2,2,0.0405405405405,0.175675675676,0.0334185536888,1.0,14.6717226436,0.19826652221
3,85,74,CH:60	CC:13	TH:1	TC:0,14926,2,2,0.0135135135135,0.175675675676,-0.00237399561724,1.0,0.216034134291,0.00291938019313
3,85,74,CH:60	CC:13	TH:1	TC:0,14992,2,2,0.0135135135135,0.175675675676,-0.00237399561724,1.0,0.216034134291,0.00291938019313
3,85,74,CH:60	CC:13	TH:1	TC:0,15040,2,2,0.0135135135135,0.175675675676,-0.00237399561724,1.0,0.216034134291,0.00291938019313
3,85,74,CH:60	CC:13	TH:1	TC:0,15196,2,2,0.0135135135135,0.175675675676,-0.00237399561724,1.0,0.216034134291,0.00291938019313
3,85,75,CH:61	CC:13	TH:1	TC:0,15229,2,2,0.0133333333333,0.173333333333,-0.00231111111111,1.0,0.212510897995,0.00283347863993
3,85,75,CH:61	CC:13	TH:1	TC:0,15391,2,2,0.0133333333333,0.173333333333,-0.00231111111111,1.0,0.212510897995,0.00283347863993
3,85,75,TH:62	TC:12	CH:0	CC:1,15607,2,2,0.0133333333333,0.173333333333,0.0110222222222,1.0,4.83367983368,0.0644490644491
3,85,75,TH:62	TC:12	CH:0	CC:1,15706,2,2,0.0133333333333,0.173333333333,0.0110222222222,1.0,4.83367983368,0.0644490644491
3,85,75,TH:62	TC:12	CH:0	CC:1,15736,2,2,0.0133333333333,0.173333333333,0.0110222222222,1.0,4.83367983368,0.0644490644491
3,85,75,TH:60	TC:13	CH:2	CC:0,15757,2,2,0.0266666666667,0.173333333333,-0.00462222222222,1.0,0.430844012373,0.00574458683164
3,85,75,CH:61	CC:13	TH:1	TC:0,15814,2,2,0.0133333333333,0.173333333333,-0.00231111111111,1.0,0.212510897995,0.00283347863993
3,85,75,CH:61	CC:13	TH:1	TC:0,15864,2,2,0.0133333333333,0.173333333333,-0.00231111111111,1.0,0.212510897995,0.00283347863993
3,85,75,CH:61	CC:13	TH:1	TC:0,15973,2,2,0.0133333333333,0.173333333333,-0.00231111111111,1.0,0.212510897995,0.00283347863993
4,85,75,CH:8	CC:3	TH:54	TC:10,16174,2,2,0.146666666667,0.173333333333,-0.0145777777778,0.120234604106,0.888753383713,0.0118500451162
4,85,76,CH:62	CC:10	TH:1	TC:3,16247,2,2,0.0526315789474,0.171052631579,0.0304709141274,0.698412698413,9.98073531407,0.131325464659
3,85,76,GH:62	GC:13	AH:1	AC:0,16282,2,2,0.0131578947368,0.171052631579,-0.00225069252078,1.0,0.209100529101,0.00275132275132
3,85,76,GH:62	GC:13	AH:1	AC:0,16347,2,2,0.0131578947368,0.171052631579,-0.00225069252078,1.0,0.209100529101,0.00275132275132
3,85,76,GH:59	GC:13	TH:4	TC:0,16407,2,2,0.0526315789474,0.171052631579,-0.0090027700831,1.0,0.871252204586,0.0114638447972
3,85,76,GH:62	GC:13	AH:1	AC:0,16414,2,2,0.0131578947368,0.171052631579,-0.00225069252078,1.0,0.209100529101,0.00275132275132
3,85,76,GH:62	GC:13	AH:1	AC:0,16477,2,2,0.0131578947368,0.171052631579,-0.00225069252078,1.0,0.209100529101,0.00275132275132
3,85,76,GH:62	GC:13	AH:1	AC:0,16511,2,2,0.0131578947368,0.171052631579,-0.00225069252078,1.0,0.209100529101,0.00275132275132
3,85,73,CH:59	CC:13	AH:1	AC:0,16585,2,2,0.013698630137,0.178082191781,-0.00243948207919,1.0,0.219675925926,0.00300925925926
3,85,73,CH:59	CC:13	AH:1	AC:0,16590,2,2,0.013698630137,0.178082191781,-0.00243948207919,1.0,0.219675925926,0.00300925925926
3,85,73,CH:59	CC:13	AH:1	AC:0,16660,2,2,0.013698630137,0.178082191781,-0.00243948207919,1.0,0.219675925926,0.00300925925926
3,85,73,CH:59	CC:13	AH:1	AC:0,16723,2,2,0.013698630137,0.178082191781,-0.00243948207919,1.0,0.219675925926,0.00300925925926
3,85,73,CH:59	CC:13	AH:1	AC:0,16789,2,2,0.013698630137,0.178082191781,-0.00243948207919,1.0,0.219675925926,0.00300925925926
3,85,73,CH:59	CC:13	AH:1	AC:0,16804,2,2,0.013698630137,0.178082191781,-0.00243948207919,1.0,0.219675925926,0.00300925925926
4,85,73,TH:59	TC:10	GH:1	GC:3,16900,2,2,0.0547945205479,0.178082191781,0.0313379620942,0.695833333333,9.45697231512,0.129547565961
3,85,73,TH:60	TC:10	CH:0	CC:3,16914,2,2,0.041095890411,0.178082191781,0.0337774441734,1.0,14.4395604396,0.197802197802
3,85,73,CH:59	CC:13	AH:1	AC:0,16998,2,2,0.013698630137,0.178082191781,-0.00243948207919,1.0,0.219675925926,0.00300925925926
3,85,73,CH:60	CC:11	TH:0	TC:2,17008,2,2,0.027397260274,0.178082191781,0.0225182961156,1.0,9.49079089924,0.130010834236
3,85,73,CH:59	CC:13	AH:1	AC:0,17053,2,2,0.013698630137,0.178082191781,-0.00243948207919,1.0,0.219675925926,0.00300925925926
3,85,73,GH:60	GC:12	AH:0	AC:1,17077,2,2,0.013698630137,0.178082191781,0.0112591480578,1.0,4.67948717949,0.0641025641026
3,85,73,CH:59	CC:13	AH:1	AC:0,17308,2,2,0.013698630137,0.178082191781,-0.00243948207919,1.0,0.219675925926,0.00300925925926
3,85,73,CH:58	CC:13	TH:2	TC:0,17311,2,2,0.027397260274,0.178082191781,-0.00487896415838,1.0,0.445539906103,0.00610328638498
3,85,74,CH:60	CC:13	TH:1	TC:0,17462,2,2,0.0135135135135,0.175675675676,-0.00237399561724,1.0,0.216034134291,0.00291938019313
3,85,74,AH:1	AC:0	TH:60	TC:13,17588,2,2,0.0135135135135,0.175675675676,0.00237399561724,1.0,0.216034134291,0.00291938019313
3,85,74,CH:59	CC:13	TH:2	TC:0,17614,2,2,0.027027027027,0.175675675676,-0.00474799123448,1.0,0.438069216758,0.00591985428051
3,85,74,AH:1	AC:0	TH:60	TC:13,17626,2,2,0.0135135135135,0.175675675676,0.00237399561724,1.0,0.216034134291,0.00291938019313
3,85,73,CH:60	CC:11	TH:0	TC:2,17701,2,2,0.027397260274,0.178082191781,0.0225182961156,1.0,9.49079089924,0.130010834236
3,85,73,CH:59	CC:13	AH:1	AC:0,17752,2,2,0.013698630137,0.178082191781,-0.00243948207919,1.0,0.219675925926,0.00300925925926
3,85,73,CH:59	CC:13	AH:1	AC:0,17771,2,2,0.013698630137,0.178082191781,-0.00243948207919,1.0,0.219675925926,0.00300925925926
4,85,73,CH:42	CC:7	TH:18	TC:6,17788,2,2,0.328767123288,0.178082191781,0.0236442109214,0.197802197802,1.26346153846,0.0173076923077
4,85,73,TH:58	TC:10	CH:2	CC:3,17794,2,2,0.0684931506849,0.178082191781,0.028898480015,0.513333333333,6.52815987934,0.0894268476621
4,85,73,CH:53	CC:11	TH:7	TC:2,17836,2,2,0.123287671233,0.178082191781,0.00544192156127,0.0537037037037,0.136647524929,0.00187188390313
3,85,73,CH:60	CC:11	TH:0	TC:2,17992,2,2,0.027397260274,0.178082191781,0.0225182961156,1.0,9.49079089924,0.130010834236
3,85,73,CH:59	CC:13	AH:1	AC:0,17995,2,2,0.013698630137,0.178082191781,-0.00243948207919,1.0,0.219675925926,0.00300925925926
4,85,73,CH:58	CC:9	TH:2	TC:4,17998,2,2,0.0821917808219,0.178082191781,0.0401576280728,0.594444444444,10.6617808394,0.14605179232
3,85,73,CH:22	CC:0	TH:38	TC:13,18046,2,2,0.301369863014,0.178082191781,0.0536686057422,1.0,6.82287581699,0.0934640522876
3,85,73,CH:60	CC:11	TH:0	TC:2,18048,2,2,0.027397260274,0.178082191781,0.0225182961156,1.0,9.49079089924,0.130010834236
3,85,73,CH:60	CC:11	TH:0	TC:2,18049,2,2,0.027397260274,0.178082191781,0.0225182961156,1.0,9.49079089924,0.130010834236
3,85,73,CH:59	CC:13	AH:1	AC:0,18079,2,2,0.013698630137,0.178082191781,-0.00243948207919,1.0,0.219675925926,0.00300925925926
3,85,73,CH:60	CC:9	TH:0	TC:4,18208,2,2,0.0547945205479,0.178082191781,0.0450365922312,1.0,19.5317725753,0.267558528428
3,85,73,GH:60	GC:12	AH:0	AC:1,18228,2,2,0.013698630137,0.178082191781,0.0112591480578,1.0,4.67948717949,0.0641025641026
3,85,71,GH:58	GC:11	TH:0	TC:2,18316,2,2,0.0281690140845,0.183098591549,0.0230113072803,1.0,9.18171683389,0.129319955407
3,85,70,TH:57	TC:11	CH:0	CC:2,18334,2,2,0.0285714285714,0.185714285714,0.0232653061224,1.0,9.02714932127,0.128959276018
3,85,70,CH:55	CC:13	AH:2	AC:0,18415,2,2,0.0285714285714,0.185714285714,-0.00530612244898,1.0,0.46955624355,0.00670794633643
3,85,70,GH:57	GC:12	TH:0	TC:1,18460,2,2,0.0142857142857,0.185714285714,0.0116326530612,1.0,4.44816053512,0.0635451505017
4,85,70,GH:20	GC:2	AH:37	AC:11,18475,2,2,0.314285714286,0.185714285714,0.0297959183673,0.51048951049,1.9068723674,0.02724103382
3,85,70,AH:57	AC:10	CH:0	CC:3,18514,2,2,0.0428571428571,0.185714285714,0.0348979591837,1.0,13.7428243398,0.196326061998
3,85,70,CH:55	CC:13	AH:2	AC:0,18526,2,2,0.0285714285714,0.185714285714,-0.00530612244898,1.0,0.46955624355,0.00670794633643
3,85,65,AH:52	AC:12	GH:0	GC:1,18626,2,2,0.0153846153846,0.2,0.0123076923077,1.0,4.0625,0.0625
3,85,66,CH:53	CC:12	TH:0	TC:1,18679,2,2,0.0151515151515,0.19696969697,0.0121671258035,1.0,4.13964497041,0.0627218934911
3,85,66,AH:52	AC:13	GH:1	GC:0,18714,2,2,0.0151515151515,0.19696969697,-0.00298438934803,1.0,0.249056603774,0.00377358490566
3,85,66,TH:53	TC:9	CH:0	CC:4,18763,2,2,0.0606060606061,0.19696969697,0.048668503214,1.0,17.3598014888,0.263027295285
3,85,66,CH:51	CC:14	TH:1	TC:0,18934,2,2,0.0151515151515,0.212121212121,-0.00321395775941,1.0,0.273372781065,0.00414201183432
3,85,66,CH:52	CC:13	TH:0	TC:1,19016,2,2,0.0151515151515,0.212121212121,0.0119375573921,1.0,3.77142857143,0.0571428571429
3,85,66,TH:52	TC:12	CH:0	CC:2,19024,2,2,0.030303030303,0.212121212121,0.0238751147842,1.0,7.66071428571,0.116071428571
3,85,66,GH:50	GC:14	TH:2	TC:0,19036,2,2,0.030303030303,0.212121212121,-0.00642791551882,1.0,0.555288461538,0.00841346153846
4,85,67,AH:16	AC:4	GH:37	GC:10,19075,2,2,0.298507462687,0.208955223881,0.00267320115839,0.0428571428571,0.0138326546998,0.000206457532832
3,85,67,TH:52	TC:14	CH:1	CC:0,19165,2,2,0.0149253731343,0.208955223881,-0.00311873468478,1.0,0.268153230417,0.00400228702115
3,85,65,CH:50	CC:14	AH:1	AC:0,19272,2,2,0.0153846153846,0.215384615385,-0.00331360946746,1.0,0.278799019608,0.00428921568627
3,85,65,CH:50	CC:14	AH:1	AC:0,19287,2,2,0.0153846153846,0.215384615385,-0.00331360946746,1.0,0.278799019608,0.00428921568627
3,85,64,GH:49	GC:14	CH:1	CC:0,19346,2,2,0.015625,0.21875,-0.00341796875,1.0,0.284444444444,0.00444444444444
3,85,64,GH:49	GC:14	CH:1	CC:0,19347,2,2,0.015625,0.21875,-0.00341796875,1.0,0.284444444444,0.00444444444444
4,85,65,GH:18	GC:7	AH:33	AC:7,19418,2,2,0.384615384615,0.215384615385,-0.0248520710059,0.1875,1.00367647059,0.0154411764706
3,85,65,CH:50	CC:14	AH:1	AC:0,19438,2,2,0.0153846153846,0.215384615385,-0.00331360946746,1.0,0.278799019608,0.00428921568627
3,85,65,CH:50	CC:14	AH:1	AC:0,19450,2,2,0.0153846153846,0.215384615385,-0.00331360946746,1.0,0.278799019608,0.00428921568627
3,85,65,CH:51	CC:13	TH:0	TC:1,19490,2,2,0.0153846153846,0.215384615385,0.0120710059172,1.0,3.69977678571,0.0569196428571
3,85,65,CH:50	CC:14	AH:1	AC:0,19513,2,2,0.0153846153846,0.215384615385,-0.00331360946746,1.0,0.278799019608,0.00428921568627
3,85,65,CH:51	CC:13	TH:0	TC:1,19558,2,2,0.0153846153846,0.215384615385,0.0120710059172,1.0,3.69977678571,0.0569196428571
3,85,64,GH:49	GC:13	TH:2	TC:0,19598,2,2,0.03125,0.203125,-0.00634765625,1.0,0.526249209361,0.00822264389627
3,85,64,GH:51	GC:11	TH:0	TC:2,19682,2,2,0.03125,0.203125,0.02490234375,1.0,8.09925558313,0.126550868486
3,85,64,GH:51	GC:12	TH:0	TC:1,19757,2,2,0.015625,0.203125,0.012451171875,1.0,3.98534798535,0.0622710622711
3,85,64,GH:51	GC:11	TH:0	TC:2,19819,2,2,0.03125,0.203125,0.02490234375,1.0,8.09925558313,0.126550868486
3,85,64,GH:51	GC:12	TH:0	TC:1,19840,2,2,0.015625,0.203125,0.012451171875,1.0,3.98534798535,0.0622710622711
3,85,64,GH:51	GC:11	TH:0	TC:2,19864,2,2,0.03125,0.203125,0.02490234375,1.0,8.09925558313,0.126550868486
3,85,65,AH:52	AC:12	GH:0	GC:1,19933,2,2,0.0153846153846,0.2,0.0123076923077,1.0,4.0625,0.0625
3,85,65,GH:51	GC:13	TH:1	TC:0,19940,2,2,0.0153846153846,0.2,-0.00307692307692,1.0,0.25390625,0.00390625
3,85,66,AH:52	AC:13	GH:1	GC:0,19957,2,2,0.0151515151515,0.19696969697,-0.00298438934803,1.0,0.249056603774,0.00377358490566
4,85,66,TH:9	TC:4	CH:44	CC:9,19999,2,2,0.19696969697,0.19696969697,-0.0218089990817,0.137880986938,1.25473699289,0.0190111665589
3,85,66,CH:53	CC:12	TH:0	TC:1,20006,2,2,0.0151515151515,0.19696969697,0.0121671258035,1.0,4.13964497041,0.0627218934911
3,85,67,TH:53	TC:13	CH:1	CC:0,20131,2,2,0.0149253731343,0.194029850746,-0.00289596792159,1.0,0.244388327722,0.00364758698092
3,85,67,GH:54	GC:11	TH:0	TC:2,20139,2,2,0.0298507462687,0.194029850746,0.0240588104255,1.0,8.56331360947,0.127810650888
3,85,68,GH:54	GC:13	TH:1	TC:0,20182,2,2,0.0147058823529,0.191176470588,-0.00281141868512,1.0,0.239891451832,0.00352781546811
3,85,67,TH:53	TC:13	CH:1	CC:0,20191,2,2,0.0149253731343,0.194029850746,-0.00289596792159,1.0,0.244388327722,0.00364758698092
3,85,67,TH:53	TC:13	CH:1	CC:0,20208,2,2,0.0149253731343,0.194029850746,-0.00289596792159,1.0,0.244388327722,0.00364758698092
3,85,67,TH:53	TC:13	CH:1	CC:0,20220,2,2,0.0149253731343,0.194029850746,-0.00289596792159,1.0,0.244388327722,0.00364758698092
3,85,68,GH:54	GC:13	TH:1	TC:0,20227,2,2,0.0147058823529,0.191176470588,-0.00281141868512,1.0,0.239891451832,0.00352781546811
3,85,68,GH:54	GC:13	TH:1	TC:0,20228,2,2,0.0147058823529,0.191176470588,-0.00281141868512,1.0,0.239891451832,0.00352781546811
3,85,78,GH:64	GC:13	AH:1	AC:0,20249,2,2,0.0128205128205,0.166666666667,-0.00213675213675,1.0,0.202597402597,0.0025974025974
3,85,79,CH:65	CC:13	TH:1	TC:0,20284,2,2,0.0126582278481,0.164556962025,-0.00208299951931,1.0,0.199494949495,0.00252525252525
3,85,80,GH:67	GC:12	TH:0	TC:1,20457,2,2,0.0125,0.1625,0.01046875,1.0,5.21908471276,0.0652385589094
4,85,80,GH:62	GC:8	AH:5	AC:5,20487,2,2,0.125,0.1625,0.0421875,0.402985074627,9.56536001312,0.119567000164
3,85,80,CH:65	CC:13	TH:2	TC:0,20494,2,2,0.025,0.1625,-0.0040625,1.0,0.398009950249,0.00497512437811
3,85,80,GH:67	GC:12	TH:0	TC:1,20521,2,2,0.0125,0.1625,0.01046875,1.0,5.21908471276,0.0652385589094
3,85,80,GH:67	GC:12	TH:0	TC:1,20538,2,2,0.0125,0.1625,0.01046875,1.0,5.21908471276,0.0652385589094
3,85,80,CH:66	CC:13	TH:1	TC:0,20568,2,2,0.0125,0.1625,-0.00203125,1.0,0.196485924806,0.00245607406008
3,85,80,GH:67	GC:12	TH:0	TC:1,20569,2,2,0.0125,0.1625,0.01046875,1.0,5.21908471276,0.0652385589094
3,85,80,CH:67	CC:10	TH:0	TC:3,20593,2,2,0.0375,0.1625,0.03140625,1.0,16.0639360639,0.200799200799
3,85,79,CH:20	CC:0	TH:46	TC:13,20629,2,2,0.253164556962,0.164556962025,0.0416599903862,1.0,5.27478171546,0.0667693888033
3,85,80,CH:66	CC:13	TH:1	TC:0,20686,2,2,0.0125,0.1625,-0.00203125,1.0,0.196485924806,0.00245607406008
3,85,80,GH:67	GC:11	AH:0	AC:2,20719,2,2,0.025,0.1625,0.0209375,1.0,10.5719921105,0.132149901381
3,85,80,CH:66	CC:13	TH:1	TC:0,20782,2,2,0.0125,0.1625,-0.00203125,1.0,0.196485924806,0.00245607406008
3,85,80,GH:67	GC:12	TH:0	TC:1,20800,2,2,0.0125,0.1625,0.01046875,1.0,5.21908471276,0.0652385589094
4,85,80,CH:32	CC:9	AH:35	AC:4,20848,2,2,0.4875,0.1625,-0.02921875,0.368836291913,2.00866069422,0.0251082586777
3,85,80,CH:65	CC:13	TH:2	TC:0,20874,2,2,0.025,0.1625,-0.0040625,1.0,0.398009950249,0.00497512437811
3,85,80,CH:66	CC:13	TH:1	TC:0,20905,2,2,0.0125,0.1625,-0.00203125,1.0,0.196485924806,0.00245607406008
3,85,80,CH:66	CC:13	TH:1	TC:0,20945,2,2,0.0125,0.1625,-0.00203125,1.0,0.196485924806,0.00245607406008
3,85,80,CH:66	CC:13	TH:1	TC:0,20953,2,2,0.0125,0.1625,-0.00203125,1.0,0.196485924806,0.00245607406008
3,85,80,CH:66	CC:13	TH:1	TC:0,20974,2,2,0.0125,0.1625,-0.00203125,1.0,0.196485924806,0.00245607406008
3,85,80,CH:65	CC:13	TH:2	TC:0,21082,2,2,0.025,0.1625,-0.0040625,1.0,0.398009950249,0.00497512437811
3,85,80,CH:66	CC:13	TH:1	TC:0,21088,2,2,0.0125,0.1625,-0.00203125,1.0,0.196485924806,0.00245607406008
3,85,80,CH:65	CC:13	TH:2	TC:0,21097,2,2,0.025,0.1625,-0.0040625,1.0,0.398009950249,0.00497512437811
3,85,80,CH:66	CC:13	TH:1	TC:0,21189,2,2,0.0125,0.1625,-0.00203125,1.0,0.196485924806,0.00245607406008
3,85,80,CH:49	CC:13	TH:18	TC:0,21220,2,2,0.225,0.1625,-0.0365625,1.0,4.50649975927,0.0563312469909
3,85,80,GH:67	GC:12	TH:0	TC:1,21292,2,2,0.0125,0.1625,0.01046875,1.0,5.21908471276,0.0652385589094
3,85,81,TH:68	TC:12	CH:0	CC:1,21433,2,2,0.0123456790123,0.16049382716,0.0103642737388,1.0,5.29615384615,0.0653846153846
3,85,81,TH:68	TC:12	CH:0	CC:1,21523,2,2,0.0123456790123,0.16049382716,0.0103642737388,1.0,5.29615384615,0.0653846153846
3,85,81,CH:67	CC:13	TH:1	TC:0,21531,2,2,0.0123456790123,0.16049382716,-0.00198140527359,1.0,0.193566176471,0.00238970588235
3,85,81,GH:68	GC:10	AH:0	AC:3,21532,2,2,0.037037037037,0.16049382716,0.0310928212163,1.0,16.2958579882,0.201183431953
3,85,81,TH:49	TC:13	CH:19	CC:0,21569,2,2,0.234567901235,0.16049382716,-0.0376467001981,1.0,4.74549335863,0.0585863377609
3,85,81,CH:67	CC:13	TH:1	TC:0,21607,2,2,0.0123456790123,0.16049382716,-0.00198140527359,1.0,0.193566176471,0.00238970588235
3,85,81,CH:67	CC:13	TH:1	TC:0,21627,2,2,0.0123456790123,0.16049382716,-0.00198140527359,1.0,0.193566176471,0.00238970588235
3,85,81,CH:67	CC:13	TH:1	TC:0,21736,2,2,0.0123456790123,0.16049382716,-0.00198140527359,1.0,0.193566176471,0.00238970588235
3,85,81,CH:22	CC:0	TH:46	TC:13,21791,2,2,0.271604938272,0.16049382716,0.0435909160189,1.0,5.7741774676,0.0712861415753
3,85,81,CH:68	CC:11	TH:0	TC:2,21800,2,2,0.0246913580247,0.16049382716,0.0207285474775,1.0,10.7263875365,0.132424537488
3,85,81,CH:67	CC:13	TH:1	TC:0,21807,2,2,0.0123456790123,0.16049382716,-0.00198140527359,1.0,0.193566176471,0.00238970588235
3,85,81,CH:67	CC:13	TH:1	TC:0,21828,2,2,0.0123456790123,0.16049382716,-0.00198140527359,1.0,0.193566176471,0.00238970588235
3,85,81,TH:68	TC:12	CH:0	CC:1,21833,2,2,0.0123456790123,0.16049382716,0.0103642737388,1.0,5.29615384615,0.0653846153846
3,85,81,CH:67	CC:13	TH:1	TC:0,21859,2,2,0.0123456790123,0.16049382716,-0.00198140527359,1.0,0.193566176471,0.00238970588235
3,85,81,TH:68	TC:12	CH:0	CC:1,21871,2,2,0.0123456790123,0.16049382716,0.0103642737388,1.0,5.29615384615,0.0653846153846
4,85,80,GH:56	GC:11	TH:11	TC:2,21927,2,2,0.1625,0.1625,-0.00140625,0.0532544378698,0.00854158950017,0.000106769868752
3,85,81,TH:68	TC:12	CH:0	CC:1,21954,2,2,0.0123456790123,0.16049382716,0.0103642737388,1.0,5.29615384615,0.0653846153846
3,85,80,CH:22	CC:0	TH:45	TC:13,21965,2,2,0.275,0.1625,0.0446875,1.0,5.88780236747,0.0735975295934
3,85,81,GH:66	GC:13	TH:2	TC:0,22034,2,2,0.0246913580247,0.16049382716,-0.00396281054717,1.0,0.392032762472,0.0048399106478
4,85,81,CH:67	CC:10	TH:1	TC:3,22035,2,2,0.0493827160494,0.16049382716,0.0291114159427,0.702205882353,10.8529742317,0.133987336193
3,85,81,TH:68	TC:12	CH:0	CC:1,22056,2,2,0.0123456790123,0.16049382716,0.0103642737388,1.0,5.29615384615,0.0653846153846
3,85,81,CH:67	CC:13	TH:1	TC:0,22079,2,2,0.0123456790123,0.16049382716,-0.00198140527359,1.0,0.193566176471,0.00238970588235
3,85,81,TH:62	TC:13	CH:6	CC:0,22150,2,2,0.0740740740741,0.16049382716,-0.0118884316415,1.0,1.23882352941,0.0152941176471
4,85,81,CH:67	CC:12	TH:1	TC:1,22168,2,2,0.0246913580247,0.16049382716,0.00838286846517,0.404411764706,1.75428861905,0.0216578841858
3,85,80,GH:67	GC:12	TH:0	TC:1,22258,2,2,0.0125,0.1625,0.01046875,1.0,5.21908471276,0.0652385589094
3,85,80,GH:67	GC:12	TH:0	TC:1,22282,2,2,0.0125,0.1625,0.01046875,1.0,5.21908471276,0.0652385589094
3,85,82,CH:68	CC:13	TH:1	TC:0,22303,2,2,0.0121951219512,0.158536585366,-0.00193337299227,1.0,0.190731794597,0.00232599749508
3,85,82,CH:68	CC:13	TH:1	TC:0,22321,2,2,0.0121951219512,0.158536585366,-0.00193337299227,1.0,0.190731794597,0.00232599749508
4,85,82,CH:32	CC:7	TH:37	TC:6,22336,2,2,0.475609756098,0.158536585366,-0.00996430696014,0.119856887299,0.24470224408,0.00298417370829
3,85,82,CH:68	CC:13	TH:1	TC:0,22358,2,2,0.0121951219512,0.158536585366,-0.00193337299227,1.0,0.190731794597,0.00232599749508
3,85,82,GH:67	GC:13	TH:2	TC:0,22359,2,2,0.0243902439024,0.158536585366,-0.00386674598453,1.0,0.386231884058,0.00471014492754
3,85,82,GH:69	GC:11	TH:0	TC:2,22391,2,2,0.0243902439024,0.158536585366,0.0205234979179,1.0,10.8807692308,0.132692307692
3,85,81,AH:67	AC:13	GH:0	GC:1,22453,2,2,0.0123456790123,0.172839506173,0.0102118579485,1.0,4.84553571429,0.0598214285714
3,85,81,AH:67	AC:13	GH:0	GC:1,22657,2,2,0.0123456790123,0.172839506173,0.0102118579485,1.0,4.84553571429,0.0598214285714
3,85,81,TH:66	TC:14	CH:1	CC:0,22688,2,2,0.0123456790123,0.172839506173,-0.00213382106386,1.0,0.211567164179,0.00261194029851
3,85,81,CH:67	CC:11	TH:0	TC:3,22726,2,2,0.037037037037,0.172839506173,0.0306355738455,1.0,14.9093406593,0.184065934066
4,85,81,GH:66	GC:12	AH:0	AC:2	CH:1	CC:0,22748,3,2,0.0123456790123,0.172839506173,NaN,NaN,9.97720190258,0.0615876660653
3,85,81,AH:67	AC:13	GH:0	GC:1,22750,2,2,0.0123456790123,0.172839506173,0.0102118579485,1.0,4.84553571429,0.0598214285714
3,85,81,AH:67	AC:13	GH:0	GC:1,22757,2,2,0.0123456790123,0.172839506173,0.0102118579485,1.0,4.84553571429,0.0598214285714
3,85,81,CH:65	CC:14	TH:2	TC:0,22758,2,2,0.0246913580247,0.172839506173,-0.00426764212772,1.0,0.428490459097,0.00529000566786
4,85,81,CH:66	CC:13	TH:1	TC:1,22762,2,2,0.0246913580247,0.172839506173,0.00807803688462,0.39552238806,1.53524196378,0.0189536044911
4,85,81,CH:33	CC:9	TH:34	TC:5,22792,2,2,0.481481481481,0.172839506173,-0.0214906264289,0.258241758242,1.04810914033,0.0129396190164
3,85,80,AH:67	AC:9	GH:0	GC:4,22826,2,2,0.05,0.1625,0.041875,1.0,21.7004048583,0.271255060729
3,85,80,CH:65	CC:13	TH:2	TC:0,22836,2,2,0.025,0.1625,-0.0040625,1.0,0.398009950249,0.00497512437811
3,85,80,TH:47	TC:13	CH:20	CC:0,22897,2,2,0.25,0.1625,-0.040625,1.0,5.17412935323,0.0646766169154
3,85,80,CH:66	CC:13	TH:1	TC:0,22902,2,2,0.0125,0.1625,-0.00203125,1.0,0.196485924806,0.00245607406008
4,85,80,CH:66	CC:12	TH:1	TC:1,22960,2,2,0.025,0.1625,0.0084375,0.402985074627,1.71685948953,0.0214607436192
3,85,80,CH:66	CC:13	TH:1	TC:0,22973,2,2,0.0125,0.1625,-0.00203125,1.0,0.196485924806,0.00245607406008
3,85,80,CH:66	CC:13	TH:1	TC:0,22983,2,2,0.0125,0.1625,-0.00203125,1.0,0.196485924806,0.00245607406008
3,85,80,GH:67	GC:12	TH:0	TC:1,23015,2,2,0.0125,0.1625,0.01046875,1.0,5.21908471276,0.0652385589094
3,85,80,CH:66	CC:13	TH:1	TC:0,23058,2,2,0.0125,0.1625,-0.00203125,1.0,0.196485924806,0.00245607406008
3,85,80,CH:66	CC:13	TH:1	TC:0,23095,2,2,0.0125,0.1625,-0.00203125,1.0,0.196485924806,0.00245607406008
3,85,80,CH:66	CC:13	TH:1	TC:0,23202,2,2,0.0125,0.1625,-0.00203125,1.0,0.196485924806,0.00245607406008
3,85,79,AH:21	AC:0	GH:45	GC:13,23359,2,2,0.26582278481,0.164556962025,0.0437429899055,1.0,5.63401253918,0.0713166144201
3,85,79,TH:66	TC:11	CH:0	CC:2,23392,2,2,0.0253164556962,0.164556962025,0.0211504566576,1.0,10.4175824176,0.131868131868
3,85,79,TH:48	TC:13	CH:18	CC:0,23408,2,2,0.227848101266,0.164556962025,-0.0374939913475,1.0,4.59165424739,0.0581222056632
3,85,79,TH:66	TC:12	CH:0	CC:1,23449,2,2,0.0126582278481,0.164556962025,0.0105752283288,1.0,5.14201183432,0.0650887573964
3,85,79,TH:66	TC:12	CH:0	CC:1,23453,2,2,0.0126582278481,0.164556962025,0.0105752283288,1.0,5.14201183432,0.0650887573964
3,85,79,TH:66	TC:11	CH:0	CC:2,23486,2,2,0.0253164556962,0.164556962025,0.0211504566576,1.0,10.4175824176,0.131868131868
3,85,79,CH:65	CC:13	TH:1	TC:0,23505,2,2,0.0126582278481,0.164556962025,-0.00208299951931,1.0,0.199494949495,0.00252525252525
4,85,79,TH:53	TC:8	CH:13	CC:5,23506,2,2,0.227848101266,0.164556962025,0.025797147893,0.203026481715,2.17364799742,0.0275145316129
3,85,79,TH:66	TC:12	CH:0	CC:1,23544,2,2,0.0126582278481,0.164556962025,0.0105752283288,1.0,5.14201183432,0.0650887573964
4,85,79,TH:53	TC:8	CH:13	CC:5,23572,2,2,0.227848101266,0.164556962025,0.025797147893,0.203026481715,2.17364799742,0.0275145316129
3,85,78,GH:64	GC:13	AH:1	AC:0,23575,2,2,0.0128205128205,0.166666666667,-0.00213675213675,1.0,0.202597402597,0.0025974025974
3,85,78,CH:65	CC:11	TH:0	TC:2,23600,2,2,0.025641025641,0.166666666667,0.0213675213675,1.0,10.2631578947,0.131578947368
4,85,78,CH:49	CC:5	TH:16	TC:8,23650,2,2,0.307692307692,0.166666666667,0.0512820512821,0.444444444444,6.93333333333,0.0888888888889
3,85,78,CH:65	CC:8	TH:0	TC:5,23692,2,2,0.0641025641026,0.166666666667,0.0534188034188,1.0,26.7123287671,0.342465753425
3,85,78,TH:48	TC:13	GH:17	GC:0,23716,2,2,0.217948717949,0.166666666667,-0.0363247863248,1.0,4.34754098361,0.055737704918
3,85,78,CH:65	CC:12	TH:0	TC:1,23723,2,2,0.0128205128205,0.166666666667,0.0106837606838,1.0,5.06493506494,0.0649350649351
3,85,78,CH:65	CC:12	TH:0	TC:1,23740,2,2,0.0128205128205,0.166666666667,0.0106837606838,1.0,5.06493506494,0.0649350649351
4,85,78,CH:49	CC:5	TH:16	TC:8,23758,2,2,0.307692307692,0.166666666667,0.0512820512821,0.444444444444,6.93333333333,0.0888888888889
3,85,78,CH:65	CC:11	TH:0	TC:2,23767,2,2,0.025641025641,0.166666666667,0.0213675213675,1.0,10.2631578947,0.131578947368
3,85,78,CH:65	CC:9	TH:0	TC:4,23774,2,2,0.0512820512821,0.166666666667,0.042735042735,1.0,21.0810810811,0.27027027027
4,85,78,CH:58	CC:9	TH:7	TC:4,23806,2,2,0.141025641026,0.166666666667,0.0277777777778,0.236363636364,3.57720488467,0.0458616010855
3,85,78,CH:65	CC:9	TH:0	TC:4,23885,2,2,0.0512820512821,0.166666666667,0.042735042735,1.0,21.0810810811,0.27027027027
3,85,78,AH:58	AC:13	GH:7	GC:0,23955,2,2,0.0897435897436,0.166666666667,-0.0149572649573,1.0,1.53802816901,0.0197183098592
3,85,78,GH:64	GC:13	AH:1	AC:0,23956,2,2,0.0128205128205,0.166666666667,-0.00213675213675,1.0,0.202597402597,0.0025974025974
3,85,78,CH:65	CC:11	TH:0	TC:2,24024,2,2,0.025641025641,0.166666666667,0.0213675213675,1.0,10.2631578947,0.131578947368
3,85,78,CH:65	CC:12	TH:0	TC:1,24113,2,2,0.0128205128205,0.166666666667,0.0106837606838,1.0,5.06493506494,0.0649350649351
3,85,78,CH:65	CC:12	TH:0	TC:1,24120,2,2,0.0128205128205,0.166666666667,0.0106837606838,1.0,5.06493506494,0.0649350649351
4,85,78,TH:48	TC:5	CH:17	CC:8,24193,2,2,0.320512820513,0.166666666667,0.0491452991453,0.433962264151,6.22822641509,0.0798490566038
3,85,78,GH:64	GC:13	AH:1	AC:0,24199,2,2,0.0128205128205,0.166666666667,-0.00213675213675,1.0,0.202597402597,0.0025974025974
3,85,78,CH:65	CC:12	TH:0	TC:1,24209,2,2,0.0128205128205,0.166666666667,0.0106837606838,1.0,5.06493506494,0.0649350649351
4,85,78,TH:48	TC:5	CH:17	CC:8,24253,2,2,0.320512820513,0.166666666667,0.0491452991453,0.433962264151,6.22822641509,0.0798490566038
4,85,78,TH:50	TC:8	CH:15	CC:5,24301,2,2,0.25641025641,0.166666666667,0.0213675213675,0.172413793103,1.34482758621,0.0172413793103
3,85,74,CH:55	CC:13	TH:6	TC:0,24385,2,2,0.0810810810811,0.175675675676,-0.0142439737034,1.0,1.39151398264,0.0188042430087
3,85,78,TH:1	TC:0	GH:64	GC:13,24402,2,2,0.0128205128205,0.166666666667,0.00213675213675,1.0,0.202597402597,0.0025974025974
3,85,78,TH:1	TC:0	GH:64	GC:13,24403,2,2,0.0128205128205,0.166666666667,0.00213675213675,1.0,0.202597402597,0.0025974025974
3,85,77,TH:1	TC:0	GH:63	GC:13,24404,2,2,0.012987012987,0.168831168831,0.00219261258222,1.0,0.205797697368,0.00267269736842
3,85,77,TH:1	TC:0	GH:63	GC:13,24406,2,2,0.012987012987,0.168831168831,0.00219261258222,1.0,0.205797697368,0.00267269736842
4,85,75,GH:51	GC:9	AH:11	AC:4,24516,2,2,0.2,0.173333333333,0.0186666666667,0.134615384615,1.13988833747,0.0151985111663
4,85,75,GH:53	GC:12	CH:9	CC:1,24517,2,2,0.133333333333,0.173333333333,-0.00977777777778,0.423076923077,0.43305020042,0.00577400267227
3,85,74,CH:60	CC:13	TH:1	TC:0,24562,2,2,0.0135135135135,0.175675675676,-0.00237399561724,1.0,0.216034134291,0.00291938019313
3,85,74,AH:61	AC:11	GH:0	GC:2,24575,2,2,0.027027027027,0.175675675676,0.0222790357925,1.0,9.6452991453,0.130341880342
3,85,74,CH:61	CC:9	TH:0	TC:4,24604,2,2,0.0540540540541,0.175675675676,0.0445580715851,1.0,19.8417582418,0.268131868132
3,85,74,CH:60	CC:13	TH:1	TC:0,24612,2,2,0.0135135135135,0.175675675676,-0.00237399561724,1.0,0.216034134291,0.00291938019313
3,85,74,CH:60	CC:13	TH:1	TC:0,24636,2,2,0.0135135135135,0.175675675676,-0.00237399561724,1.0,0.216034134291,0.00291938019313
3,85,74,CH:60	CC:13	TH:1	TC:0,24649,2,2,0.0135135135135,0.175675675676,-0.00237399561724,1.0,0.216034134291,0.00291938019313
3,85,74,GH:61	GC:12	AH:0	AC:1,24652,2,2,0.0135135135135,0.175675675676,0.0111395178963,1.0,4.75658587987,0.0642781875659
3,85,74,CH:59	CC:13	TH:2	TC:0,24661,2,2,0.027027027027,0.175675675676,-0.00474799123448,1.0,0.438069216758,0.00591985428051
3,85,74,CH:60	CC:13	TH:1	TC:0,24704,2,2,0.0135135135135,0.175675675676,-0.00237399561724,1.0,0.216034134291,0.00291938019313
5,85,74,AH:59	AC:10	GH:1	GC:3	TH:1	TC:0,24706,3,2,0.0135135135135,0.175675675676,NaN,NaN,9.77456731911,0.0660443737778
4,85,74,CH:51	CC:9	GH:10	GC:4,24742,2,2,0.189189189189,0.175675675676,0.0208181154127,0.146153846154,1.44373986669,0.0195099981985
3,85,74,CH:41	CC:13	TH:20	TC:0,24808,2,2,0.27027027027,0.175675675676,-0.0474799123448,1.0,5.8409228901,0.0789313904068
3,85,74,CH:53	CC:13	TH:8	TC:0,24865,2,2,0.108108108108,0.175675675676,-0.0189919649379,1.0,1.91157476403,0.0258320914059
3,85,74,CH:59	CC:13	TH:2	TC:0,24928,2,2,0.027027027027,0.175675675676,-0.00474799123448,1.0,0.438069216758,0.00591985428051
4,85,74,GH:60	GC:10	TH:1	TC:3,24929,2,2,0.0540540540541,0.175675675676,0.0310445580716,0.696721311475,9.63159791029,0.130156728517
3,85,74,GH:61	GC:12	AH:0	AC:1,24932,2,2,0.0135135135135,0.175675675676,0.0111395178963,1.0,4.75658587987,0.0642781875659
3,85,74,AH:61	AC:11	GH:0	GC:2,24988,2,2,0.027027027027,0.175675675676,0.0222790357925,1.0,9.6452991453,0.130341880342
4,85,72,GH:57	GC:8	TH:2	TC:5,25034,2,2,0.0972222222222,0.180555555556,0.0518904320988,0.651331719128,14.9289854865,0.207347020646
3,85,72,AH:58	AC:13	GH:1	GC:0,25048,2,2,0.0138888888889,0.180555555556,-0.00250771604938,1.0,0.223442349009,0.00310336595846
3,85,72,AH:58	AC:13	GH:1	GC:0,25053,2,2,0.0138888888889,0.180555555556,-0.00250771604938,1.0,0.223442349009,0.00310336595846
4,85,72,TH:30	TC:6	CH:29	CC:7,25054,2,2,0.5,0.180555555556,0.00694444444444,0.0769230769231,0.0938722294654,0.0013037809648
3,85,72,CH:56	CC:13	TH:3	TC:0,25062,2,2,0.0416666666667,0.180555555556,-0.00752314814815,1.0,0.689756816507,0.00957995578482
3,85,72,GH:40	GC:13	TH:19	TC:0,25081,2,2,0.263888888889,0.180555555556,-0.0476466049383,1.0,5.68724016629,0.0789894467541
3,85,72,GH:59	GC:12	AH:0	AC:1,25084,2,2,0.0138888888889,0.180555555556,0.0113811728395,1.0,4.60238353196,0.0639219934995
3,85,72,GH:59	GC:12	AH:0	AC:1,25096,2,2,0.0138888888889,0.180555555556,0.0113811728395,1.0,4.60238353196,0.0639219934995
3,85,72,TH:59	TC:11	CH:0	CC:2,25102,2,2,0.0277777777778,0.180555555556,0.022762345679,1.0,9.33626373626,0.12967032967
3,85,72,CH:57	CC:13	TH:2	TC:0,25126,2,2,0.0277777777778,0.180555555556,-0.00501543209877,1.0,0.453268765133,0.00629539951574
3,85,72,AH:58	AC:13	GH:1	GC:0,25137,2,2,0.0138888888889,0.180555555556,-0.00250771604938,1.0,0.223442349009,0.00310336595846
4,85,72,CH:57	CC:12	TH:2	TC:1,25138,2,2,0.0416666666667,0.180555555556,0.00636574074074,0.186440677966,0.493849555014,0.00685902159742
3,85,72,CH:57	CC:13	TH:2	TC:0,25210,2,2,0.0277777777778,0.180555555556,-0.00501543209877,1.0,0.453268765133,0.00629539951574
3,85,72,AH:58	AC:13	GH:1	GC:0,25249,2,2,0.0138888888889,0.180555555556,-0.00250771604938,1.0,0.223442349009,0.00310336595846
3,85,72,CH:59	CC:9	TH:0	TC:4,25366,2,2,0.0555555555556,0.180555555556,0.045524691358,1.0,19.221719457,0.266968325792
3,85,72,GH:59	GC:12	AH:0	AC:1,25454,2,2,0.0138888888889,0.180555555556,0.0113811728395,1.0,4.60238353196,0.0639219934995
3,85,72,AH:58	AC:13	GH:1	GC:0,25471,2,2,0.0138888888889,0.180555555556,-0.00250771604938,1.0,0.223442349009,0.00310336595846
3,85,72,GH:59	GC:12	AH:0	AC:1,25477,2,2,0.0138888888889,0.180555555556,0.0113811728395,1.0,4.60238353196,0.0639219934995
3,85,72,AH:58	AC:13	GH:1	GC:0,25493,2,2,0.0138888888889,0.180555555556,-0.00250771604938,1.0,0.223442349009,0.00310336595846
3,85,72,GH:59	GC:12	AH:0	AC:1,25516,2,2,0.0138888888889,0.180555555556,0.0113811728395,1.0,4.60238353196,0.0639219934995
3,85,72,AH:58	AC:13	GH:1	GC:0,25532,2,2,0.0138888888889,0.180555555556,-0.00250771604938,1.0,0.223442349009,0.00310336595846
3,85,72,AH:58	AC:13	GH:1	GC:0,25572,2,2,0.0138888888889,0.180555555556,-0.00250771604938,1.0,0.223442349009,0.00310336595846
3,85,72,CH:57	CC:13	TH:2	TC:0,25592,2,2,0.0277777777778,0.180555555556,-0.00501543209877,1.0,0.453268765133,0.00629539951574
3,85,72,AH:58	AC:13	GH:1	GC:0,25598,2,2,0.0138888888889,0.180555555556,-0.00250771604938,1.0,0.223442349009,0.00310336595846
4,85,72,TH:30	TC:6	CH:29	CC:7,25599,2,2,0.5,0.180555555556,0.00694444444444,0.0769230769231,0.0938722294654,0.0013037809648
3,85,72,CH:57	CC:13	TH:2	TC:0,25673,2,2,0.0277777777778,0.180555555556,-0.00501543209877,1.0,0.453268765133,0.00629539951574
3,85,72,GH:40	GC:13	TH:19	TC:0,25706,2,2,0.263888888889,0.180555555556,-0.0476466049383,1.0,5.68724016629,0.0789894467541
3,85,72,AH:58	AC:13	GH:1	GC:0,25758,2,2,0.0138888888889,0.180555555556,-0.00250771604938,1.0,0.223442349009,0.00310336595846
3,85,72,AH:58	AC:13	GH:1	GC:0,25763,2,2,0.0138888888889,0.180555555556,-0.00250771604938,1.0,0.223442349009,0.00310336595846
3,85,72,TH:59	TC:11	CH:0	CC:2,25767,2,2,0.0277777777778,0.180555555556,0.022762345679,1.0,9.33626373626,0.12967032967
3,85,72,AH:58	AC:13	GH:1	GC:0,25775,2,2,0.0138888888889,0.180555555556,-0.00250771604938,1.0,0.223442349009,0.00310336595846
3,85,72,AH:58	AC:13	GH:1	GC:0,25783,2,2,0.0138888888889,0.180555555556,-0.00250771604938,1.0,0.223442349009,0.00310336595846
3,85,72,AH:58	AC:13	GH:1	GC:0,25789,2,2,0.0138888888889,0.180555555556,-0.00250771604938,1.0,0.223442349009,0.00310336595846
3,85,72,CH:57	CC:13	TH:2	TC:0,25790,2,2,0.0277777777778,0.180555555556,-0.00501543209877,1.0,0.453268765133,0.00629539951574
3,85,72,CH:52	CC:13	AH:7	AC:0,25793,2,2,0.0972222222222,0.180555555556,-0.0175540123457,1.0,1.70847457627,0.0237288135593
3,85,70,GH:57	GC:12	TH:0	TC:1,25794,2,2,0.0142857142857,0.185714285714,0.0116326530612,1.0,4.44816053512,0.0635451505017
3,85,72,AH:58	AC:13	GH:1	GC:0,25811,2,2,0.0138888888889,0.180555555556,-0.00250771604938,1.0,0.223442349009,0.00310336595846
3,85,72,AH:58	AC:13	GH:1	GC:0,25812,2,2,0.0138888888889,0.180555555556,-0.00250771604938,1.0,0.223442349009,0.00310336595846
3,85,73,TH:53	TC:13	AH:7	AC:0,25821,2,2,0.0958904109589,0.178082191781,-0.0170763745543,1.0,1.67752525253,0.0229797979798
3,85,73,CH:59	CC:13	AH:1	AC:0,25825,2,2,0.013698630137,0.178082191781,-0.00243948207919,1.0,0.219675925926,0.00300925925926
3,85,73,GH:60	GC:12	AH:0	AC:1,25884,2,2,0.013698630137,0.178082191781,0.0112591480578,1.0,4.67948717949,0.0641025641026
3,85,73,CH:59	CC:13	AH:1	AC:0,25901,2,2,0.013698630137,0.178082191781,-0.00243948207919,1.0,0.219675925926,0.00300925925926
3,85,73,CH:59	CC:13	AH:1	AC:0,25907,2,2,0.013698630137,0.178082191781,-0.00243948207919,1.0,0.219675925926,0.00300925925926
3,85,73,CH:59	CC:13	AH:1	AC:0,25925,2,2,0.013698630137,0.178082191781,-0.00243948207919,1.0,0.219675925926,0.00300925925926
4,85,73,CH:33	CC:8	TH:27	TC:5,25928,2,2,0.438356164384,0.178082191781,-0.00957027584913,0.122596153846,0.185538813321,0.00254162757974
3,85,73,CH:60	CC:11	TH:0	TC:2,25937,2,2,0.027397260274,0.178082191781,0.0225182961156,1.0,9.49079089924,0.130010834236
3,85,74,AH:42	AC:13	TH:19	TC:0,25970,2,2,0.256756756757,0.175675675676,-0.0451059167275,1.0,5.4479880775,0.0736214605067
3,85,74,CH:60	CC:13	TH:1	TC:0,25971,2,2,0.0135135135135,0.175675675676,-0.00237399561724,1.0,0.216034134291,0.00291938019313
3,85,74,GH:61	GC:12	AH:0	AC:1,26060,2,2,0.0135135135135,0.175675675676,0.0111395178963,1.0,4.75658587987,0.0642781875659
3,85,75,GH:61	GC:13	CH:0	CC:1,26159,2,2,0.0133333333333,0.186666666667,0.0108444444444,1.0,4.41602316602,0.0588803088803
3,85,75,GH:61	GC:10	CH:0	CC:4,26163,2,2,0.0533333333333,0.186666666667,0.0433777777778,1.0,18.4104627767,0.245472837022
3,85,75,AH:60	AC:14	TH:1	TC:0,26167,2,2,0.0133333333333,0.186666666667,-0.00248888888889,1.0,0.232609658839,0.00310146211786
4,85,74,TH:24	TC:5	CH:36	CC:9,26169,2,2,0.391891891892,0.189189189189,0.00657414170928,0.0886699507389,0.0874876847291,0.00118226600985
3,85,75,AH:60	AC:14	TH:1	TC:0,26178,2,2,0.0133333333333,0.186666666667,-0.00248888888889,1.0,0.232609658839,0.00310146211786
3,85,75,AH:60	AC:14	TH:1	TC:0,26225,2,2,0.0133333333333,0.186666666667,-0.00248888888889,1.0,0.232609658839,0.00310146211786
3,85,75,AH:60	AC:14	TH:1	TC:0,26233,2,2,0.0133333333333,0.186666666667,-0.00248888888889,1.0,0.232609658839,0.00310146211786
3,85,75,AH:60	AC:14	TH:1	TC:0,26346,2,2,0.0133333333333,0.186666666667,-0.00248888888889,1.0,0.232609658839,0.00310146211786
3,85,75,AH:60	AC:14	TH:1	TC:0,26348,2,2,0.0133333333333,0.186666666667,-0.00248888888889,1.0,0.232609658839,0.00310146211786
3,85,75,AH:60	AC:14	TH:1	TC:0,26353,2,2,0.0133333333333,0.186666666667,-0.00248888888889,1.0,0.232609658839,0.00310146211786
3,85,75,GH:61	GC:10	CH:0	CC:4,26439,2,2,0.0533333333333,0.186666666667,0.0433777777778,1.0,18.4104627767,0.245472837022
3,85,75,AH:60	AC:14	TH:1	TC:0,26451,2,2,0.0133333333333,0.186666666667,-0.00248888888889,1.0,0.232609658839,0.00310146211786
3,85,75,AH:60	AC:14	TH:1	TC:0,26459,2,2,0.0133333333333,0.186666666667,-0.00248888888889,1.0,0.232609658839,0.00310146211786
3,85,75,GH:61	GC:13	CH:0	CC:1,26485,2,2,0.0133333333333,0.186666666667,0.0108444444444,1.0,4.41602316602,0.0588803088803
3,85,75,AH:61	AC:12	TH:0	TC:2,26541,2,2,0.0266666666667,0.186666666667,0.0216888888889,1.0,8.9530332681,0.119373776908
3,85,75,AH:60	AC:14	TH:1	TC:0,26584,2,2,0.0133333333333,0.186666666667,-0.00248888888889,1.0,0.232609658839,0.00310146211786
3,85,75,GH:61	GC:13	CH:0	CC:1,26675,2,2,0.0133333333333,0.186666666667,0.0108444444444,1.0,4.41602316602,0.0588803088803
3,85,75,AH:61	AC:12	TH:0	TC:2,26711,2,2,0.0266666666667,0.186666666667,0.0216888888889,1.0,8.9530332681,0.119373776908
3,85,75,TH:59	TC:14	CH:2	CC:0,26718,2,2,0.0266666666667,0.186666666667,-0.00497777777778,1.0,0.471592185044,0.00628789580058
3,85,75,AH:60	AC:14	TH:1	TC:0,26746,2,2,0.0133333333333,0.186666666667,-0.00248888888889,1.0,0.232609658839,0.00310146211786
3,85,75,AH:60	AC:14	TH:1	TC:0,26770,2,2,0.0133333333333,0.186666666667,-0.00248888888889,1.0,0.232609658839,0.00310146211786
4,85,75,CH:59	CC:11	TH:2	TC:3,26808,2,2,0.0666666666667,0.186666666667,0.0275555555556,0.508196721311,6.02835396454,0.0803780528605
3,85,75,AH:60	AC:14	TH:1	TC:0,26823,2,2,0.0133333333333,0.186666666667,-0.00248888888889,1.0,0.232609658839,0.00310146211786
3,85,75,AH:60	AC:14	TH:1	TC:0,26827,2,2,0.0133333333333,0.186666666667,-0.00248888888889,1.0,0.232609658839,0.00310146211786
3,85,74,TH:61	TC:10	CH:0	CC:3,26877,2,2,0.0405405405405,0.175675675676,0.0334185536888,1.0,14.6717226436,0.19826652221
4,85,74,TH:60	TC:8	CH:1	CC:5,26882,2,2,0.0810810810811,0.175675675676,0.0533235938641,0.79781420765,19.5013228494,0.263531389857
4,85,74,CH:57	CC:12	TH:4	TC:1,26883,2,2,0.0675675675676,0.175675675676,0.00164353542732,0.0295081967213,0.0219090958934,0.000296068863425
3,85,74,GH:61	GC:12	AH:0	AC:1,26884,2,2,0.0135135135135,0.175675675676,0.0111395178963,1.0,4.75658587987,0.0642781875659
3,85,74,GH:61	GC:12	AH:0	AC:1,26887,2,2,0.0135135135135,0.175675675676,0.0111395178963,1.0,4.75658587987,0.0642781875659
3,85,74,CH:60	CC:13	TH:1	TC:0,26891,2,2,0.0135135135135,0.175675675676,-0.00237399561724,1.0,0.216034134291,0.00291938019313
3,85,74,CH:60	CC:13	TH:1	TC:0,26899,2,2,0.0135135135135,0.175675675676,-0.00237399561724,1.0,0.216034134291,0.00291938019313
3,85,74,AH:61	AC:11	GH:0	GC:2,26912,2,2,0.027027027027,0.175675675676,0.0222790357925,1.0,9.6452991453,0.130341880342
3,85,74,CH:60	CC:13	TH:1	TC:0,26968,2,2,0.0135135135135,0.175675675676,-0.00237399561724,1.0,0.216034134291,0.00291938019313
3,85,74,TH:58	TC:13	CH:3	CC:0,26969,2,2,0.0405405405405,0.175675675676,-0.00712198685172,1.0,0.666358808589,0.00900484876472
3,85,74,CH:60	CC:13	TH:1	TC:0,26986,2,2,0.0135135135135,0.175675675676,-0.00237399561724,1.0,0.216034134291,0.00291938019313
3,85,74,AH:61	AC:11	GH:0	GC:2,27003,2,2,0.027027027027,0.175675675676,0.0222790357925,1.0,9.6452991453,0.130341880342
4,85,74,CH:36	CC:8	TH:25	TC:5,27094,2,2,0.405405405405,0.175675675676,-0.0036523009496,0.0512820512821,0.0282777331958,0.000382131529673
3,85,74,CH:60	CC:13	TH:1	TC:0,27211,2,2,0.0135135135135,0.175675675676,-0.00237399561724,1.0,0.216034134291,0.00291938019313
4,85,74,TH:30	TC:5	CH:31	CC:8,27231,2,2,0.472972972973,0.175675675676,0.0155222790358,0.186813186813,0.493928097963,0.00667470402653
3,85,74,AH:61	AC:11	GH:0	GC:2,27237,2,2,0.027027027027,0.175675675676,0.0222790357925,1.0,9.6452991453,0.130341880342
3,85,74,CH:60	CC:13	TH:1	TC:0,27279,2,2,0.0135135135135,0.175675675676,-0.00237399561724,1.0,0.216034134291,0.00291938019313
3,85,74,CH:41	CC:13	TH:20	TC:0,27285,2,2,0.27027027027,0.175675675676,-0.0474799123448,1.0,5.8409228901,0.0789313904068
3,85,74,GH:61	GC:12	AH:0	AC:1,27357,2,2,0.0135135135135,0.175675675676,0.0111395178963,1.0,4.75658587987,0.0642781875659
3,85,73,CH:59	CC:13	AH:1	AC:0,27461,2,2,0.013698630137,0.178082191781,-0.00243948207919,1.0,0.219675925926,0.00300925925926
3,85,72,AH:58	AC:13	GH:1	GC:0,27480,2,2,0.0138888888889,0.180555555556,-0.00250771604938,1.0,0.223442349009,0.00310336595846
3,85,72,AH:58	AC:13	GH:1	GC:0,27616,2,2,0.0138888888889,0.180555555556,-0.00250771604938,1.0,0.223442349009,0.00310336595846
3,85,73,CH:59	CC:13	AH:1	AC:0,27636,2,2,0.013698630137,0.178082191781,-0.00243948207919,1.0,0.219675925926,0.00300925925926
3,85,73,CH:59	CC:13	AH:1	AC:0,27825,2,2,0.013698630137,0.178082191781,-0.00243948207919,1.0,0.219675925926,0.00300925925926
3,85,73,CH:59	CC:13	AH:1	AC:0,27851,2,2,0.013698630137,0.178082191781,-0.00243948207919,1.0,0.219675925926,0.00300925925926
3,85,74,TH:58	TC:13	CH:3	CC:0,27876,2,2,0.0405405405405,0.175675675676,-0.00712198685172,1.0,0.666358808589,0.00900484876472
3,85,74,CH:59	CC:13	TH:2	TC:0,27897,2,2,0.027027027027,0.175675675676,-0.00474799123448,1.0,0.438069216758,0.00591985428051
3,85,74,CH:60	CC:13	TH:1	TC:0,27919,2,2,0.0135135135135,0.175675675676,-0.00237399561724,1.0,0.216034134291,0.00291938019313
3,85,73,CH:59	CC:13	AH:1	AC:0,27995,2,2,0.013698630137,0.178082191781,-0.00243948207919,1.0,0.219675925926,0.00300925925926
3,85,73,CH:59	CC:13	AH:1	AC:0,28056,2,2,0.013698630137,0.178082191781,-0.00243948207919,1.0,0.219675925926,0.00300925925926
4,85,73,AH:27	AC:5	GH:33	GC:8,28059,2,2,0.438356164384,0.178082191781,0.00957027584913,0.122596153846,0.185538813321,0.00254162757974
3,85,81,CH:67	CC:13	TH:1	TC:0,28070,2,2,0.0123456790123,0.16049382716,-0.00198140527359,1.0,0.193566176471,0.00238970588235
3,85,82,CH:66	CC:13	TH:3	TC:0,28187,2,2,0.0365853658537,0.158536585366,-0.0058001189768,1.0,0.586681342873,0.00715465052284
3,85,80,CH:66	CC:13	TH:1	TC:0,28262,2,2,0.0125,0.1625,-0.00203125,1.0,0.196485924806,0.00245607406008
3,85,81,CH:67	CC:13	TH:1	TC:0,28347,2,2,0.0123456790123,0.16049382716,-0.00198140527359,1.0,0.193566176471,0.00238970588235
3,85,81,CH:67	CC:13	TH:1	TC:0,28377,2,2,0.0123456790123,0.16049382716,-0.00198140527359,1.0,0.193566176471,0.00238970588235
3,85,82,CH:68	CC:13	TH:1	TC:0,28412,2,2,0.0121951219512,0.158536585366,-0.00193337299227,1.0,0.190731794597,0.00232599749508
3,85,84,CH:70	CC:13	TH:1	TC:0,28533,2,2,0.0119047619048,0.154761904762,-0.00184240362812,1.0,0.185304598676,0.0022060071271
4,85,84,TH:62	TC:8	GH:9	GC:5,28574,2,2,0.166666666667,0.154761904762,0.0337301587302,0.261538461538,5.2602383532,0.0626218851571
3,85,84,CH:71	CC:12	TH:0	TC:1,28577,2,2,0.0119047619048,0.154761904762,0.0100623582766,1.0,5.52734012975,0.0658016682113
3,85,84,CH:70	CC:13	TH:1	TC:0,28578,2,2,0.0119047619048,0.154761904762,-0.00184240362812,1.0,0.185304598676,0.0022060071271
3,85,84,CH:70	CC:13	TH:1	TC:0,28607,2,2,0.0119047619048,0.154761904762,-0.00184240362812,1.0,0.185304598676,0.0022060071271
3,85,84,CH:71	CC:9	AH:0	AC:4,28634,2,2,0.047619047619,0.154761904762,0.0402494331066,1.0,22.9384615385,0.273076923077
3,85,84,CH:70	CC:13	TH:1	TC:0,28636,2,2,0.0119047619048,0.154761904762,-0.00184240362812,1.0,0.185304598676,0.0022060071271
3,85,84,AH:66	AC:13	TH:5	TC:0,28675,2,2,0.0595238095238,0.154761904762,-0.00921201814059,1.0,0.973435550009,0.0115885184525
3,85,84,GH:71	GC:11	TH:0	TC:2,28720,2,2,0.0238095238095,0.154761904762,0.0201247165533,1.0,11.1894934334,0.133208255159
3,85,84,CH:70	CC:13	TH:1	TC:0,28739,2,2,0.0119047619048,0.154761904762,-0.00184240362812,1.0,0.185304598676,0.0022060071271
3,85,84,GH:65	GC:13	TH:6	TC:0,28766,2,2,0.0714285714286,0.154761904762,-0.0110544217687,1.0,1.18309859155,0.0140845070423
4,85,84,CH:69	CC:10	TH:2	TC:3,28774,2,2,0.0595238095238,0.154761904762,0.0265022675737,0.52676056338,8.05682076882,0.0959145329621
3,85,84,TH:64	TC:13	AH:7	AC:0,28780,2,2,0.0833333333333,0.154761904762,-0.0128968253968,1.0,1.39820742638,0.0166453265045
3,85,84,CH:71	CC:12	TH:0	TC:1,28813,2,2,0.0119047619048,0.154761904762,0.0100623582766,1.0,5.52734012975,0.0658016682113
3,85,84,CH:70	CC:13	TH:1	TC:0,28864,2,2,0.0119047619048,0.154761904762,-0.00184240362812,1.0,0.185304598676,0.0022060071271
4,85,84,TH:64	TC:10	CH:7	CC:3,28882,2,2,0.119047619048,0.154761904762,0.0172902494331,0.171830985915,1.83048226992,0.0217914555943
4,85,84,GH:60	GC:10	CH:11	CC:3,28943,2,2,0.166666666667,0.154761904762,0.00992063492063,0.0769230769231,0.455037919827,0.00541711809317
3,85,84,CH:70	CC:13	TH:1	TC:0,28960,2,2,0.0119047619048,0.154761904762,-0.00184240362812,1.0,0.185304598676,0.0022060071271
3,85,84,CH:71	CC:12	TH:0	TC:1,28984,2,2,0.0119047619048,0.154761904762,0.0100623582766,1.0,5.52734012975,0.0658016682113
3,85,84,CH:69	CC:13	TH:2	TC:0,28998,2,2,0.0238095238095,0.154761904762,-0.00368480725624,1.0,0.375128821711,0.00446581930608
3,85,84,GH:68	GC:13	TH:3	TC:0,29020,2,2,0.0357142857143,0.154761904762,-0.00552721088435,1.0,0.569640062598,0.00678142931664
3,85,84,CH:70	CC:13	TH:1	TC:0,29099,2,2,0.0119047619048,0.154761904762,-0.00184240362812,1.0,0.185304598676,0.0022060071271
3,85,84,GH:71	GC:11	TH:0	TC:2,29101,2,2,0.0238095238095,0.154761904762,0.0201247165533,1.0,11.1894934334,0.133208255159
3,85,84,CH:71	CC:12	TH:0	TC:1,29144,2,2,0.0119047619048,0.154761904762,0.0100623582766,1.0,5.52734012975,0.0658016682113
3,85,84,CH:62	CC:13	TH:9	TC:0,29149,2,2,0.107142857143,0.154761904762,-0.0165816326531,1.0,1.84563380282,0.0219718309859
3,85,84,CH:70	CC:13	TH:1	TC:0,29155,2,2,0.0119047619048,0.154761904762,-0.00184240362812,1.0,0.185304598676,0.0022060071271
3,85,84,CH:69	CC:13	TH:2	TC:0,29239,2,2,0.0238095238095,0.154761904762,-0.00368480725624,1.0,0.375128821711,0.00446581930608
3,85,79,TH:66	TC:12	CH:0	CC:1,29497,2,2,0.0126582278481,0.164556962025,0.0105752283288,1.0,5.14201183432,0.0650887573964
3,85,79,TH:66	TC:12	CH:0	CC:1,29545,2,2,0.0126582278481,0.164556962025,0.0105752283288,1.0,5.14201183432,0.0650887573964
3,85,78,TH:65	TC:10	CH:0	CC:3,29665,2,2,0.0384615384615,0.166666666667,0.0320512820513,1.0,15.6,0.2
3,85,78,GH:64	GC:13	AH:1	AC:0,29691,2,2,0.0128205128205,0.166666666667,-0.00213675213675,1.0,0.202597402597,0.0025974025974
3,85,78,GH:64	GC:13	AH:1	AC:0,29702,2,2,0.0128205128205,0.166666666667,-0.00213675213675,1.0,0.202597402597,0.0025974025974
4,85,78,AH:48	AC:10	TH:17	TC:3,29716,2,2,0.25641025641,0.166666666667,-0.0042735042735,0.1,0.0537931034483,0.000689655172414
3,85,78,GH:64	GC:13	AH:1	AC:0,29725,2,2,0.0128205128205,0.166666666667,-0.00213675213675,1.0,0.202597402597,0.0025974025974
3,85,77,TH:63	TC:13	CH:1	CC:0,29739,2,2,0.012987012987,0.168831168831,-0.00219261258222,1.0,0.205797697368,0.00267269736842
3,85,78,GH:64	GC:13	AH:1	AC:0,29751,2,2,0.0128205128205,0.166666666667,-0.00213675213675,1.0,0.202597402597,0.0025974025974
3,85,78,CH:65	CC:11	TH:0	TC:2,29752,2,2,0.025641025641,0.166666666667,0.0213675213675,1.0,10.2631578947,0.131578947368
4,85,78,AH:64	AC:10	GH:1	GC:3,29813,2,2,0.0512820512821,0.166666666667,0.0299145299145,0.7,10.3297297297,0.132432432432
4,85,74,CH:36	CC:6	TH:25	TC:7,29853,2,2,0.432432432432,0.175675675676,0.018626734843,0.186813186813,0.722369843271,0.0097617546388
3,85,74,CH:60	CC:13	TH:1	TC:0,29856,2,2,0.0135135135135,0.175675675676,-0.00237399561724,1.0,0.216034134291,0.00291938019313
5,85,69,GH:55	GC:8	CH:1	CC:4	TH:1	TC:0,30007,3,2,0.0144927536232,0.173913043478,NaN,NaN,14.8183792815,0.107379560011
3,85,68,CH:54	CC:12	TH:2	TC:0,30032,2,2,0.0294117647059,0.176470588235,-0.00519031141869,1.0,0.441558441558,0.00649350649351
3,85,64,CH:52	CC:11	AH:1	AC:0,30093,2,2,0.015625,0.171875,-0.002685546875,1.0,0.210841569332,0.00329439952081
3,85,62,AH:51	AC:10	TH:0	TC:1,30104,2,2,0.0161290322581,0.177419354839,0.0132674297607,1.0,4.71236959762,0.0760059612519
